id_pregunta,pregunta,tamano_correo,id_correo_esperado,ids_recuperados_top5,distancias_top5,distancia_media_top5,correo_recuperado_en_k5,posicion_real_correo_esperado,distancia_real_correo_esperado,acierto_claude,acierto_gemini,respuesta_esperada,respuesta_generada,resultado_evaluacion
0,"Who is the contact person listed in the contact list forwarded to Mari on December 21, 2001?",corto,1989,1989;1750;1730;1632;1582,0.3664;0.4848;0.4962;0.5041;0.5113,0.47256534099578856,True,0.0,0.36643850803375244,1,1,"The contact person listed is Christina Valdez, Assistant to Sally Beck.","The contact person listed in the contact list you forwarded to Mari on December 21, 2001, is Christina Valdez.",ambos_aciertan
1,"What is the monthly burn rate for the six Valtech contractors working for CL as reported by Tom Gros on November 12, 2001?",corto,1793,1793;1652;1584;2032;1802,0.1862;0.6220;0.6278;0.6323;0.6356,0.5407711148262024,True,0.0,0.18621551990509033,1,1,"The monthly burn rate is about $110,000.","The monthly burn rate for the six Valtech contractors working for CL is $110k, as reported by Tom on November 12, 2001.",ambos_aciertan
2,Who should be coordinated to perform the task and who needs to provide updates regarding Fernley's access?,corto,642,642;112;458;385;777,0.4461;0.5417;0.5570;0.5677;0.5790,0.5383013963699341,True,0.0,0.44611501693725586,1,1,"Scott Tholen's team should be coordinated to perform the task, and I need to be kept updated on when Fernley will have access.","Based on your records, you requested the coordination of Scott Tholen's team to perform the task, and you are the one who needs to receive updates regarding Fernley's access.",ambos_aciertan
3,"What is my scheduled time and planned departure for the event mentioned on October 28, 2001?",corto,1668,1533;933;1668;2047;1464,0.4608;0.4816;0.4852;0.4931;0.4958,0.4833097577095032,True,2.0,0.4851986765861511,1,1,The event is at 3:40 pm and I will try to leave by 4:00 pm.,"For the event on October 28, 2001, your meeting is scheduled for 3:40 PM and you plan to leave by 4:00 PM.",ambos_aciertan
4,"Why did I reject the approval request for the manager listed in the email dated August 22, 2000?",corto,377,439;377;1669;1511;395,0.4311;0.4353;0.4775;0.4790;0.5122,0.4670170426368713,True,1.0,0.43527281284332275,1,0,I rejected it because the manager listed does not work in Energy Operations and the request should be sent to someone else for approval.,You rejected that approval request because the manager was not in Energy Operations.,discrepancia
5,When is Beth Apollo starting her new role in Houston and what is the purpose of my inquiry regarding her placement?,corto,903,903;939;1464;1151;1469,0.2817;0.3603;0.3631;0.4024;0.4090,0.3633121013641357,True,0.0,0.2817251682281494,1,0,"Beth Apollo is starting on January 29th, and I am looking for a workspace or 'room at the inn' for her to work with me.",Beth Apollo is starting her new role in Houston on January 29th. You requested space for her in anticipation of her arrival.,discrepancia
6,"When will the change to the DPR occur, according to Shona Wilson's correction?",corto,584,584;1994;778;2185;2162,0.2106;0.3334;0.3507;0.4204;0.4424,0.3515318036079407,True,0.0,0.21064841747283936,1,1,"The change to the DPR will occur on the 14th, not on the 13th as previously communicated.","According to Shona Wilson's correction, the change to the DPR will occur on November 14th, not the 13th.",ambos_aciertan
7,"Who is responsible for assigning the ENA representative according to the information Patti Thompson sent me on April 17, 2000?",corto,161,161;300;1975;1879;1768,0.4004;0.4361;0.4394;0.4454;0.4556,0.4353990197181702,True,0.0,0.40042150020599365,1,1,Wes Colwell is the person who will be assigning the ENA representative.,"According to the email from April 17, 2000, Wes Colwell is responsible for assigning the ENA representative.",ambos_aciertan
8,"What issue did I encounter when I attempted to approve the request that Sheri had already verbally approved on April 25, 2000?",corto,173,173;152;92;1675;63,0.3224;0.4258;0.4402;0.4470;0.4500,0.417077374458313,True,0.0,0.3224499225616455,0,0,I received a message stating that the request had already been approved by another access approver.,You encountered an issue where the system would not allow you to submit the request electronically.,ambos_fallan
9,What is the purpose of the information I asked Patti Thompson to forward to Fernley regarding my work with Arthur Andersen?,corto,204,204;1097;214;1064;847,0.3968;0.5218;0.5239;0.5407;0.5488,0.5064132809638977,True,0.0,0.3967587947845459,1,1,"The information outlines what I am doing with Arthur Andersen to prepare for SAP, specifically regarding Global Products.","The purpose of the information you asked Patti Thompson to forward to Fernley is to prepare for SAP, specifically regarding Global Products.",ambos_aciertan
10,"What did I offer to do on the night of Wednesday, October 25?",corto,504,481;43;1168;466;477,0.5747;0.6452;0.6470;0.6538;0.6542,0.6349957704544067,False,36.0,0.7132893800735474,0,0,I offered to go to Austin for dinner with students.,"I'm sorry, Sally, but the information provided in your emails does not mention anything regarding your plans or offers for the night of Wednesday, October 25. The only request currently in your inbox is from Patti Thompson, who is asking for details regarding a flight, hotel, shirt, and a dinner on October 22.",ambos_fallan
11,Which rental car company should I use for my trip to Oklahoma?,corto,1231,1231;1227;1583;955;608,0.5524;0.5687;0.7630;0.7781;0.7868,0.6898092865943909,True,0.0,0.5523957014083862,1,1,National is the rental car company to use in Oklahoma.,"Based on your previous records, you decided to use National for your rental car in Oklahoma.",ambos_aciertan
12,Why am I unable to attend the game scheduled between April 25 and April 27?,corto,1265,1060;1058;933;1411;1364,0.5486;0.5533;0.5899;0.5906;0.5950,0.575492513179779,False,16.0,0.6519684791564941,0,0,I am unable to attend the game because I will be out of town from April 25 through April 27.,"You are unable to attend because you will be in New York on March 30th. 

(Note: The provided emails do not contain information regarding a game scheduled between April 25 and April 27; they only mention your unavailability on March 30th due to your trip to New York.)",ambos_fallan
13,Why did I say I could not approve the access request involving Bob Schorr's team?,corto,455,349;442;152;460;158,0.4438;0.4506;0.5162;0.5222;0.5322,0.49300905466079714,False,10.0,0.5925014019012451,1,1,"Because that employee and his supervisor, Bob Schorr, do not report to me.",You stated that you could not approve the access request involving Bob Schorr's team because you are not the designated approver for that employee and Bob Schorr.,ambos_aciertan
14,What arrangement did I confirm for October 20th regarding the guest room?,corto,414,414;466;51;2074;933,0.2992;0.4761;0.4907;0.4939;0.5374,0.45946875810623167,True,0.0,0.29921722412109375,1,0,I confirmed that we will reserve the guest room for the guest.,You confirmed the guest room reservation for October 20th.,discrepancia
15,What did Shona Wilson ask me regarding the gas books on the list?,corto,2130,2130;2204;686;688;711,0.2306;0.4062;0.4418;0.4633;0.4946,0.4072812795639038,True,0.0,0.2306067943572998,1,1,Shona asked me to provide the status of the gas books on the list.,"On January 14, 2002, Shona Wilson requested a status update from you regarding several gas books.",ambos_aciertan
16,What are the specific instructions I gave for the document to be sent to Eugene Vaughan at Treemont house?,corto,1731,1731;625;547;1453;975,0.4124;0.5494;0.5586;0.5666;0.5762,0.5326353311538696,True,0.0,0.4123678207397461,1,0,I requested that the document be printed on letterhead and faxed to Eugene Vaughan at Treemont house.,The specific instructions you gave regarding the documents for Eugene Vaughan were to print them and fax them to Treemont.,discrepancia
17,"Will I be attending the staff meeting on January 16, 2001?",corto,873,1734;1533;2047;1039;1411,0.4112;0.4589;0.4591;0.4727;0.4787,0.45612027645111086,False,,,0,0,"No, I will not be attending because I will be working in the London office during the week of January 15.","No, based on the information available, you are not scheduled to attend a staff meeting on January 16, 2001. The only staff meeting mentioned in your records was rescheduled for May 31, 2001.",ambos_fallan
18,"What is my availability for the remainder of the week of July 24, 2000?",corto,320,1514;1266;1471;933;796,0.4513;0.5040;0.5187;0.5517;0.5548,0.5160871386528015,False,,,0,0,I will be out of the office from Wednesday to Friday and will be unable to attend meetings.,"I am sorry, Sally, but the provided emails do not contain any information regarding your availability for the remainder of the week of July 24, 2000.",ambos_fallan
19,What did I request regarding my hotel room reservation?,corto,655,414;655;2074;380;155,0.4688;0.5431;0.5613;0.5711;0.6499,0.5588265538215638,True,1.0,0.5430713295936584,1,1,I requested that my hotel reservation be for a non-smoking room.,"You requested a non-smoking hotel room on November 28, 2000. Additionally, on August 22, 2000, you asked to coordinate your hotel reservations with Karen.",ambos_aciertan
20,"Is Wednesday, May 31, a suitable date for me to have lunch with Ted?",corto,205,205;220;1168;1173;66,0.2698;0.3236;0.4326;0.5059;0.5165,0.40970869064331056,True,0.0,0.2698110342025757,0,0,"Yes, I confirmed that Wednesday, May 31, is a good date for lunch and I look forward to seeing him.","Actually, no. Although you had lunch with Ted scheduled for Wednesday, May 31, Patti Thompson has requested that he reschedule it to June 1.",ambos_fallan
21,Who should I contact to obtain the list of attendees for the ride-sharing arrangement to Neiman's?,corto,1169,1169;1174;933;965;1692,0.3615;0.4402;0.5010;0.5385;0.5604,0.48032370805740354,True,0.0,0.36148542165756226,1,1,I should get the list from Vanessa.,"You should contact Vanessa to obtain the attendee list for the ride-sharing arrangement to Neiman's, as you requested this information from her on April 6 and April 7, 2001.",ambos_aciertan
22,"Who was I supposed to meet with, according to Beth Apollo's inquiry on June 6, 2001?",corto,1469,1469;1464;1350;1152;1136,0.2122;0.2210;0.3441;0.3535;0.3724,0.3006264567375183,True,0.0,0.21224069595336914,1,1,I was supposed to meet with Brenda.,"According to Beth Apollo's inquiry on June 6, 2001, you were supposed to meet with Brenda.",ambos_aciertan
23,What names still need to be checked according to Marla Barnard's summary?,corto,1965,1965;1841;1809;1827;1814,0.3774;0.4698;0.5227;0.5725;0.5787,0.5042165040969848,True,0.0,0.37740880250930786,1,1,A few names still need to be checked with Bob Hall and Jenny.,"According to the summary Marla Barnard attached on December 18, 2001, the names still need to be checked with Bob Hall and Jenny.",ambos_aciertan
24,On what date did Stephen join Enron?,corto,190,190;1784;1697;330;1963,0.3654;0.4273;0.4298;0.4452;0.4455,0.42262868881225585,True,0.0,0.365444540977478,1,1,"Stephen joined Enron on January 29, 1996.","Stephen joined Enron on January 29, 1996.",ambos_aciertan
25,"What is the name of the program for which Frank De provided information on November 6, 2001?",corto,1751,1751;2202;1212;1949;1891,0.4188;0.5383;0.5457;0.5693;0.5779,0.5299996852874755,True,0.0,0.41880685091018677,1,1,The program is the Programmer Plus Program.,"The name of the program for which Frank provided information on November 6, 2001, is the Programmer Plus Program.",ambos_aciertan
26,"Which specific meeting date did I request to be added to my calendar on April 9, 2001?",corto,1179,952;1533;450;43;1464,0.3730;0.3766;0.3959;0.4097;0.4279,0.3966222405433655,False,16.0,0.4845901131629944,0,0,I requested to add the meeting on the 17th to my calendar.,"Based on the emails provided, there is no record of you requesting a meeting to be added to your calendar on April 9, 2001. The available information only mentions requests for calendar additions on September 22, 2000, and February 2, 2001.",ambos_fallan
27,"What specific business matter was resolved by the details regarding the Hess sharing arrangement discussed on January 31, 2001?",corto,948,948;629;1363;1417;2096,0.1981;0.4682;0.5636;0.5798;0.5807,0.4780770778656006,True,0.0,0.19805908203125,0,0,The details provided in the email finalized the Hess sharing arrangement that I discussed with the recipient the previous day.,"The specific business matter resolved regarding the Hess sharing arrangement is simply identified as the arrangement itself, which you confirmed as resolved on February 1, 2001, following the discussions held on January 31, 2001. No further details regarding the nature of the resolution were provided in the retrieved records.",ambos_fallan
28,"Who did I have lunch with on December 6, 2000, and what suggestion did I make regarding their attendance at meetings?",corto,720,1692;884;52;1173;324,0.3818;0.4543;0.4589;0.4709;0.4748,0.44814037084579467,False,,,0,0,I had lunch with Barry and suggested that they might benefit from attending the meetings I mentioned.,"I am sorry, Sally, but the provided emails do not contain information regarding a lunch on December 6, 2000, nor any suggestions you made regarding attendance for that specific meeting.",ambos_fallan
29,"Why will I be unable to attend a meeting on Monday, February 12, 2001?",corto,986,1364;2202;43;1533;1026,0.5141;0.5216;0.5331;0.5399;0.5406,0.5298704862594604,False,43.0,0.6321990489959717,0,0,I will be unable to attend because I will be at a meeting in Dallas on that day.,"Based on the emails provided, there is no information explaining why you would be unable to attend a meeting on Monday, February 12, 2001.",ambos_fallan
30,What information do I need from the recipient regarding their upcoming week off?,corto,259,259;2117;838;995;806,0.4818;0.5030;0.5679;0.5749;0.5848,0.5425141453742981,True,0.0,0.4818379282951355,1,1,I need them to let us know who their designated person in charge will be during that week.,You need to designate a person to be in charge during your upcoming week off.,ambos_aciertan
31,What is the purpose of the meeting regarding the EBS Trading Support staff?,corto,1467,1467;2208;1752;2197;1592,0.3208;0.4202;0.4677;0.4708;0.4882,0.4335320472717285,True,0.0,0.3207749128341675,1,1,The meeting is to run through the EBS Trading Support staff for cross calibration.,"The purpose of the meeting regarding the EBS Trading Support staff, scheduled on June 6, 2001, was to calibrate the staff.",ambos_aciertan
32,"What documents did Jeff Smith send on November 10, 2000?",corto,570,1403;570;37;747;1608,0.4616;0.5167;0.5344;0.5546;0.5554,0.524546492099762,True,1.0,0.51667720079422,0,0,Jeff Smith sent the EGM Management Summary and Hot List as of 11/09.,"Based on the emails provided, there is no record of Jeff Smith sending any documents on November 10, 2000. The information available only mentions that Jeff Smith sent an EGM Management Summary and Hot List on 5/29/2001, and another EGM Management Summary and Hot List as of 11/09 (with no year specified).",ambos_fallan
33,Why did I ask to print the Wellesley schedule?,corto,970,970;491;388;572;600,0.3225;0.4813;0.5374;0.6106;0.6123,0.5128285050392151,True,0.0,0.3225098252296448,1,1,I asked to print the schedule because I believe I have a scheduling conflict with the date they need me.,You asked for a printout of the Wellesley schedule because of a potential date conflict.,ambos_aciertan
34,What is the phone number provided by Shona Wilson for any questions?,corto,608,686;788;688;669;611,0.2447;0.3255;0.3364;0.3430;0.3997,0.3298821568489075,False,27.0,0.5916461944580078,0,0,The phone number provided by Shona Wilson is 713 853 9123.,"I'm sorry, Sally, but the provided emails do not contain a phone number for Shona Wilson.",ambos_fallan
35,Who is responsible for delivering my ticket before Thursday?,corto,170,170;471;2117;259;965,0.5099;0.6006;0.6149;0.6293;0.6303,0.5970004320144653,True,0.0,0.5099085569381714,1,1,Patti is responsible for getting the ticket to me before Thursday.,Patti is responsible for delivering your ticket before Thursday.,ambos_aciertan
36,Who is sending the Enron bucks according to Bob's email?,corto,1537,1537;1697;715;1456;1935,0.3315;0.3994;0.4086;0.4218;0.4259,0.3974153161048889,True,0.0,0.3314788341522217,1,1,Heather is sending the Enron bucks.,"According to Bob Hall's email, Heather is the one sending the Enron bucks.",ambos_aciertan
37,What will be done with the numbers provided for offices and spots in the Tower?,corto,1217,1217;1215;1027;501;7,0.3560;0.3637;0.5858;0.5922;0.6292,0.5053561329841614,True,0.0,0.3559657335281372,1,1,We will incorporate those numbers for offices and spots in the Tower.,You decided to incorporate those numbers for the offices and spots in the Tower.,ambos_aciertan
38,What is my opinion regarding the impact of the new field on baseball in Houston?,corto,145,145;1183;1192;137;116,0.3143;0.6347;0.6459;0.6966;0.7033,0.5989612460136413,True,0.0,0.31427764892578125,1,1,I believe the field will make baseball much more fun in Houston.,You believe that the new field will make baseball much more fun in Houston.,ambos_aciertan
39,"What is the purpose of the information request I sent on January 6, 2000?",corto,34,578;686;352;460;34,0.4433;0.4526;0.4611;0.4853;0.4959,0.46763795614242554,True,4.0,0.49589020013809204,1,1,It is a preview of information requested before the targeted 4:30 PM meeting in my office that day.,"The purpose of the information request you sent on January 6, 2000, was to have the information ready before your 4:30 PM meeting that same day.",ambos_aciertan
40,When will I be out of the office in November 2000?,corto,631,630;631;2121;1017;1974,0.4133;0.4262;0.4895;0.5028;0.5320,0.47275897264480593,True,1.0,0.42616087198257446,1,0,"I will be out of the office on Tuesday, November 21, 2000.","You will be out of the office on Tuesday, November 21, 2000, and Wednesday, November 22, 2000.",discrepancia
41,"What information did I request regarding Angelic on May 19, 2000?",corto,217,217;1729;686;34;1494,0.4183;0.5927;0.6185;0.6275;0.6354,0.5784749627113343,True,0.0,0.4183163642883301,1,1,I requested to know who Angelic will report to and what her job responsibilities will be.,"On May 19, 2000, you requested information regarding Angelic's reporting line and job duties.",ambos_aciertan
42,What action did I take after being informed about Blake?,corto,692,2180;1658;1815;1942;686,0.6930;0.6944;0.6949;0.7047;0.7105,0.699500298500061,False,,,0,0,I tried to reach him and left a congratulatory message on his answering machine.,No information available in the provided emails.,ambos_fallan
43,"Is there a staff meeting scheduled for Monday, December 20, 1999?",corto,1,2047;2202;336;1764;2197,0.3789;0.3828;0.3931;0.4113;0.4197,0.39715837240219115,False,,,1,0,"No, there is no staff meeting on that day.","No, there is no staff meeting scheduled for Monday, December 20, 1999, in the information provided. The records only mention staff meetings for Mondays at 2:30 PM (your staff meeting) and 8:30 AM (the EGM staff meeting), but none for that specific date in 1999.",discrepancia
44,For which employee did I submit a completed profile for promotion to Vice President?,corto,29,29;886;876;875;42,0.4099;0.4187;0.4220;0.4840;0.5618,0.45927497148513796,True,0.0,0.4098776578903198,1,1,I submitted the profile for Brent Price.,"You submitted a completed profile for Brent Price's promotion to Vice President on January 5, 2000.",ambos_aciertan
45,Where and to whom did I ask to fax the letterhead document?,corto,1730,1731;1730;547;545;625,0.4856;0.4915;0.5479;0.5728;0.5752,0.5346176385879516,True,1.0,0.49148350954055786,0,0,I asked to fax it to Marilou at The Tremont House.,You asked to print and fax the document to Treemont (requested to Eugene Vaughan) and to Marilou.,ambos_fallan
46,On what date is the event I have scheduled on my calendar for September?,corto,221,1514;1471;933;1389;1266,0.4831;0.4833;0.5064;0.5151;0.5155,0.5006925106048584,False,6.0,0.5599215626716614,0,0,The event is scheduled for September 7.,"The event you have scheduled in September is on Monday, September 10th, as requested by Richard Causey.",ambos_fallan
47,"How many ASE's have I attended, and who will I ask to schedule a meeting?",corto,540,1734;933;1692;43;1416,0.5067;0.5356;0.5360;0.5368;0.5533,0.5336668014526367,False,,,0,0,"I have attended three ASE's, and I will ask Patti to schedule a meeting.","Based on the emails provided, there is no information regarding how many ASE meetings you have attended.

Regarding scheduling, you have previously requested that Mark and Greg provide you with attendee details for breakfast meetings, and you have also asked for assistance in putting attendees on your calendar.",ambos_fallan
48,"Which university names can be ignored in the list I provided on January 10, 2000?",corto,38,148;38;1339;1586;1091,0.6655;0.6670;0.6725;0.6757;0.6783,0.6717852354049683,True,1.0,0.6669794321060181,0,0,The OU names can be ignored.,No information available in the provided emails.,ambos_fallan
49,"What specific data should be included in the report requested by Shona Wilson on January 9, 2002?",corto,2081,686;2081;2080;693;2130,0.3013;0.3267;0.3384;0.3650;0.3992,0.34610964059829713,True,1.0,0.32665491104125977,1,0,The report should include interco balances as they are included in pma and p&l.,"In the report requested by Shona Wilson on January 9, 2002, you should include the following:

*   AR (Accounts Receivable) data as of 11/30/01.
*   AP (Accounts Payable) data as of 11/30/01.
*   Shipping data as of 11/30/01.
*   Interco balances.",discrepancia
50,"Where and at what time will the daily merger update meetings be held starting November 13, 2001?",intermedio,1817,1824;2047;2202;1817;700,0.4145;0.4398;0.4405;0.4411;0.4580,0.43874382972717285,True,3.0,0.44106411933898926,1,1,The daily merger update meetings will be held at 5:00 pm in conference room ECS 04075.,"Starting November 13, your daily merger meetings will be held at 5:00 pm in room ECS 04075.",ambos_aciertan
51,"For which employees did I complete internal feedback forms in the PEP system as of December 29, 2000?",intermedio,823,823;1688;1308;1809;1499,0.4833;0.5126;0.5332;0.5550;0.5574,0.5282974243164062,True,0.0,0.48333436250686646,1,1,"I completed feedback forms for Brent Price, Bob Hall, and Peggy Hedstrom.","As of December 29, 2000, you completed PEP feedback forms for Brent Price, Bob Hall, and Peggy Hedstrom. You noted at the time that other employees were inaccessible.",ambos_aciertan
52,"Who needs to sign the headcount addition forms for the new positions, and what should they understand before signing?",intermedio,915,915;723;1869;597;2097,0.4514;0.5624;0.6214;0.6234;0.6311,0.5779328584671021,True,0.0,0.4513722062110901,1,1,"Fred and Scott Neal need to sign the forms, and they must understand the additional costs associated with these headcount requests.","Fred and Scott Neal need to sign the headcount addition forms. Before signing, they should understand and acknowledge the costs associated with the new positions.",ambos_aciertan
53,"What are the date, time, and dress code requirements for the special tour of the Enron Center scheduled for me?",intermedio,1475,613;2047;775;1475;2038,0.4883;0.4930;0.5189;0.5247;0.5428,0.5135593771934509,True,3.0,0.5247410535812378,0,0,"The tour is on Thursday, June 14, 2001, from 10:00 AM to 11:00 AM, and the dress code requires hard-surface shoes, as no sandals are allowed.","The tour of the Enron Center is scheduled for June 14, 2001, at 10:00 AM. The provided information does not mention any dress code requirements for this event.",ambos_fallan
54,"When is Brent's assignment in London scheduled to start, and when do Fernley and I plan to send out the draft memo regarding his role?",intermedio,139,139;121;591;123;125,0.2572;0.4252;0.4684;0.4695;0.4707,0.4182311773300171,True,0.0,0.2572407126426697,1,1,"Brent's assignment starts on April 10, and we plan to send the memo sometime the week prior.",Brent's assignment in London is scheduled to start on April 10. You and Fernley plan to send the memo regarding his role before that date.,ambos_aciertan
55,"Who provided ideas for improving employee morale following my request at the lunch meeting on October 23, 2001?",intermedio,1641,884;324;1692;1816;1733,0.4285;0.4448;0.4611;0.4847;0.4876,0.46134835481643677,False,43.0,0.5739410519599915,0,0,Bob Superty provided thoughtful ideas for improving employee morale.,"Based on the emails provided, there is no mention of a lunch meeting on October 23, 2001, nor is there any information regarding who provided ideas for improving employee morale following such a request. The only mention of employee morale concerns and suggestions is from an email sent by Tom Chapman on November 13, 2001.",ambos_fallan
56,Who is the designated point person that Wanda must keep fully informed and involved regarding the matter I am handling?,intermedio,1510,1510;1539;1593;1366;1569,0.3257;0.4698;0.5122;0.5885;0.5946,0.4981500506401062,True,0.0,0.32565075159072876,1,1,Ken is the point person who must be fully informed and involved.,The designated point person that Wanda must keep informed and involved for continuity is Ken.,ambos_aciertan
57,What is the name and phone number of the contact person I worked with to arrange the tour of Enron Field?,intermedio,194,2047;419;1652;1780;194,0.4011;0.4341;0.4394;0.4575;0.4617,0.4387728214263916,True,4.0,0.46171432733535767,0,0,The contact person is Jill McCormick and her phone number is 713-259-8965.,"The contact person you worked with to arrange the Enron Field tour is Jill McCormick. However, the provided emails do not contain her phone number.",ambos_fallan
58,"How many invitations in total do I need to send out for the event involving my family, including Mom and Dad?",intermedio,1234,1240;933;1234;1106;1114,0.4957;0.5657;0.6031;0.6435;0.6435,0.5903010964393616,True,2.0,0.6030721664428711,1,1,I need to send out ten invitations in total.,You need to send out a total of 10 invitations for your family event.,ambos_aciertan
59,When am I planning to be in touch regarding the details for the dinner with Dean May and the Enron scholarship winners?,intermedio,1528,1528;1565;1552;1553;1554,0.2689;0.3424;0.4132;0.4237;0.4367,0.3769782900810242,True,0.0,0.2688865661621094,0,1,I plan to be in touch in the next few days to discuss the details for the dinner later in October.,You are planning to be in touch with the recipients in the next few days regarding the dinner with Dean May and the Enron scholarship winners.,discrepancia
60,"Who will be covering for Lisa Costello and Mark Pickering while Lisa is on maternity leave starting November 19, 2001?",intermedio,1845,1845;219;1920;125;1047,0.2284;0.4610;0.4657;0.4677;0.4881,0.42218202352523804,True,0.0,0.22840583324432373,1,1,Katherine Chisley will be covering for both Lisa Costello and Mark Pickering.,Katherine Chisley will be covering for Lisa Costello and Mark Pickering while Lisa is on maternity leave starting November 19.,ambos_aciertan
61,What is the rescheduled date and time for the EA Staff Meeting that was moved due to the Memorial Holiday?,intermedio,1411,1411;2047;2197;336;318,0.3138;0.4545;0.4586;0.4696;0.4884,0.4369812607765198,True,0.0,0.3137790560722351,1,1,"The EA Staff Meeting is rescheduled for Thursday, May 31, 2001, from 9:00 AM to 10:00 AM.","The EA Staff Meeting was rescheduled to Thursday, May 31, 2001, at 9:00 AM.",ambos_aciertan
62,What is the total amount of the expense report for Brent A. Price that is ready for my approval?,intermedio,1921,1921;1847;1427;1439;1896,0.1380;0.2744;0.3340;0.3586;0.4366,0.30832544565200803,True,0.0,0.1380181908607483,1,1,The total amount of the expense report is $462.06.,The total amount of the expense report submitted by Brent A. Price for your approval is $462.06.,ambos_aciertan
63,"By what date must users of the ect.enron.com, ei.enron.com, and ees.enron.com email domains switch to the firstname.lastname@enron.com format?",intermedio,2037,2037;1191;942;1417;1456,0.2868;0.4534;0.4614;0.4652;0.4683,0.4270185470581055,True,0.0,0.2867611050605774,1,0,"These domains will be decommissioned by the close of business on Friday, January 18th.","You must switch to the firstname.lastname@enron.com format by Friday, January 18th.",discrepancia
64,Who will be making the presentation for Rick Causey at the Analyst Orientation on January 19 because I will be out of town?,intermedio,844,296;368;174;532;434,0.4584;0.4827;0.4828;0.4869;0.4879,0.4797252774238586,False,7.0,0.5005224347114563,0,0,Brenda Herod has agreed to make the presentation for Rick Causey.,"I am sorry, Sally, but the provided emails do not contain information regarding who will be making the presentation for Rick Causey at the Analyst Orientation on January 19.",ambos_fallan
65,"What is the proposed alternative date for the lunch meeting with Ted that was originally scheduled for Wednesday, May 31?",intermedio,220,205;220;239;1173;1168,0.2464;0.2579;0.4070;0.4154;0.4260,0.35052440166473386,True,1.0,0.25785213708877563,1,1,"The proposed alternative date is Thursday, June 1.",The proposed alternative date for your lunch meeting with Ted is June 1.,ambos_aciertan
66,Who is currently reviewing the ETS Risk Management Policy at RAC?,intermedio,595,595;689;575;1585;1810,0.3267;0.3784;0.4001;0.4882;0.4966,0.4180037260055542,True,0.0,0.3266746997833252,1,0,Cassandra Schultz is currently reviewing the policy.,"Based on the emails provided, there is no information stating that anyone at RAC is currently reviewing the ETS Risk Management Policy. The only mention of a review for that policy is from November 15, 2000, which notes that Cassandra Schultz is reviewing it.",discrepancia
67,"Who will Kristin be reporting to while working for EBS, and who should be contacted regarding the class fee charge?",intermedio,331,331;182;957;1032;330,0.4707;0.5061;0.5311;0.5398;0.5552,0.5205860495567322,True,0.0,0.4706883430480957,0,0,"Kristin will be reporting to Barry Pearce, and either Kristin or Barry should be contacted for the appropriate RC to charge.","Kristin will report to Barry Pearce while working for EBS. Regarding the expense reimbursement process, you should coordinate with Tina and Greg.",ambos_fallan
68,What are the flight details for the Miami Air charter trip to Orlando on March 2 and the return trip on March 6?,intermedio,106,106;105;481;1389;192,0.5005;0.5861;0.5900;0.6395;0.6468,0.5925858020782471,True,0.0,0.5005452632904053,0,0,"The flight leaves IAH at 4:30 PM on Thursday, March 2, and leaves Orlando at 4:30 PM on Monday, March 6.","Based on the emails provided, there are no specific flight details (such as flight numbers or times) available for your Miami Air charter trip to Orlando on March 2 or your return trip on March 6. The records only confirm that you are traveling via Miami Air charter and staying at the Hotel Royal Plaza during those dates.",ambos_fallan
69,Why does the proposed meeting time change for the systems meeting on Thursday not work for me?,intermedio,541,335;43;2164;1010;360,0.4327;0.5016;0.5063;0.5183;0.5185,0.4954594373703003,False,,,0,0,It does not work because I have a standing systems meeting every Thursday at 9:00 am.,"Based on the emails provided, there is no information explaining why a proposed Thursday systems meeting time would not work for you. The emails only mention changes to your Friday Doorstep meeting, the February Board meeting, and the revenue model meeting, as well as your request to change your weekly Friday meeting to a biweekly schedule.",ambos_fallan
70,What is Allan Sommer interested in pursuing after our meeting and the submission of his updated CV?,intermedio,593,593;1829;1695;1836;1325,0.4044;0.4524;0.5767;0.6053;0.6174,0.5312574744224549,True,0.0,0.40444642305374146,0,0,He is interested in further discussions should a commercial role develop within my group.,"Based on the emails provided, there is no information regarding Allan Sommer's interests following a meeting or the submission of an updated CV. 

The records only show that on November 14, 2000, he expressed interest in a future commercial role, and on November 14, 2001, he expressed interest in joining the functional transition teams for the planned merger.",ambos_fallan
71,Who was involved in the download meeting with the representative from the Texas Railroad Commission regarding the audit findings?,intermedio,558,1415;983;1262;1486;869,0.5406;0.5413;0.5623;0.5643;0.5670,0.5550709247589112,False,5.0,0.5671868920326233,0,0,Brenda Herod was involved in that meeting.,"I am sorry, Sally, but the provided emails do not contain any information regarding a meeting with a representative from the Texas Railroad Commission or any discussion about audit findings involving them.",ambos_fallan
72,"What is my cell phone number if I need to be reached on the afternoon of Friday, June 9, 2000?",intermedio,251,335;1027;608;2117;1620,0.5315;0.5432;0.5576;0.5587;0.5600,0.5502022504806519,False,,,0,0,My cell phone number is 713-417-1591.,"Based on the emails provided, there is no mention of your cell phone number. The only phone number listed in your correspondence is 713 853 9123.",ambos_fallan
73,Which training programs did I complete in 1999 and 2000?,intermedio,1036,613;418;594;1021;735,0.5988;0.6196;0.6240;0.6299;0.6345,0.6213552951812744,False,6.0,0.656976580619812,0,0,I completed the Executive Influence and Impact program in May 1999 and the follow-up Communications program in 2000.,"Based on the information available, I do not have records of the specific training programs you completed in 1999 or 2000. The only training-related information I have access to is an announcement for courses scheduled for December 7 and 8 (without a specified year).",ambos_fallan
74,"Which team will the recipient of my October 28, 2001 email be joining in EES?",intermedio,1674,1332;1191;1467;942;169,0.5112;0.5423;0.5490;0.5549;0.5574,0.5429576396942138,False,12.0,0.5755397081375122,0,0,The recipient will be joining Beth Apollo's risk team.,"Based on the emails provided, there is no information regarding an email sent on October 28, 2001, or the specific team that a recipient would be joining in EES. The available records only mention the integration dates for the EES group and a meeting scheduled to calibrate EBS Trading Support staff.",ambos_fallan
75,"What event is scheduled for January 31, 2001, involving Ted and his students from OU?",intermedio,894,894;288;1477;66;1533,0.4207;0.4782;0.4869;0.5019;0.5097,0.47947824001312256,True,0.0,0.42074286937713623,1,1,There is a tour of Enron Field and a dinner scheduled for Ted and his students from OU.,"For January 31, 2001, Patti is organizing a tour and dinner for Ted and the OU students.",ambos_aciertan
76,"What is the status of the sign-off from Kim regarding ConfirmLogic as of April 18, 2001?",intermedio,1223,1223;1219;821;1287;1675,0.2456;0.2679;0.4430;0.4541;0.4956,0.38124064207077024,True,0.0,0.24557369947433472,1,1,There is no sign-off from Kim at this point.,"As of April 18, 2001, Kim has not signed off on ConfirmLogic. You had scheduled a meeting with Kim on that same day to discuss this matter.",ambos_aciertan
77,"Where will I be on the Thursday and Friday following November 10, 2000?",intermedio,559,1514;1811;933;1266;1471,0.4794;0.5400;0.5434;0.5524;0.5679,0.5366218328475952,False,,,0,0,I will be at the Enron Management conference in San Antonio.,"I am sorry, Sally, but the provided emails do not contain information regarding your schedule for the Thursday and Friday following November 10, 2000.",ambos_fallan
78,What are the work and cell phone numbers for Steve?,intermedio,1750,1750;2036;286;826;2090,0.4617;0.4897;0.5639;0.5885;0.6017,0.5410901188850403,True,0.0,0.4616553783416748,0,0,Steve's work number is 512-427-3307 and his cell number is 512-431-7739.,"Based on the emails provided, I have information regarding a meeting with Steve and his vacation schedule, but there is no record containing his work or cell phone numbers.",ambos_fallan
79,"Which employees were replaced by Leslie Reeves, Christina Valdez, and Israel Estrada on the Thursday prior to January 21, 2002?",intermedio,2206,2206;2033;1052;2043;1662,0.2976;0.4600;0.4605;0.4650;0.4842,0.4334839344024658,True,0.0,0.2976405620574951,1,0,"I need to provide Mandy with the names of the employees that were replaced by Leslie Reeves, Christina Valdez, and Israel Estrada.","Sally, regarding your question about the employees replaced by Leslie Reeves, Christina Valdez, and Israel Estrada on the Thursday prior to January 21, 2002: the provided emails do not contain the names of the specific employees who were replaced by them. Mandy Curless had requested this information from you on January 21, 2002, but the records do not state the names of the individuals they replaced.",discrepancia
80,"Who is the candidate whose resume Patti Thompson sent to Laura regarding my voicemail from Monday, May 8, 2000?",intermedio,197,197;1477;319;919;1057,0.3303;0.3630;0.4014;0.4038;0.4388,0.3874788284301758,True,0.0,0.3303214907646179,1,1,The candidate is Mark Mixon.,The candidate whose resume Patti Thompson sent to Laura following your voicemail is Mark Mixon.,ambos_aciertan
81,"When will I return to the office after the UT recruiting function on March 28, 2001?",intermedio,1076,1974;289;38;388;452,0.4189;0.4642;0.4738;0.4821;0.4914,0.4660741209983826,False,,,0,0,I will be back in the office at 8:00 on Thursday for the CommodityLogic meeting.,"I am sorry, but the provided emails do not contain information regarding a UT recruiting function on March 28, 2001, or your return date following that specific event.",ambos_fallan
82,What clarification did Mary provide regarding the 'Yellow Rose Petal' award mentioned in the meeting notes?,intermedio,1615,1615;1408;1373;214;1744,0.1615;0.5785;0.5905;0.6194;0.6376,0.5175132393836975,True,0.0,0.161540687084198,1,1,"Mary clarified that it is an award requested by their specific chapter and is not a nationwide award, so other chapters must request it from National if they want it.","Mary clarified that the 'Yellow Rose Petal' award is a chapter-specific request, not a national one.",ambos_aciertan
83,Who are the assistants I designated to coordinate the UT recruiting meeting with Kristin?,intermedio,1430,1430;1681;1431;309;240,0.2499;0.4385;0.4521;0.4634;0.4732,0.4154099702835083,True,0.0,0.2499198317527771,1,1,"I designated my assistant, Patti Thompson, and Rick's assistant, Sharron Westbrook, to coordinate the meeting.",You designated Patti Thompson and Sharron Westbrook to coordinate the UT recruiting meeting with Kristin.,ambos_aciertan
84,"What is the educational background of Julie, the person I suggested contacting regarding a role in the fundamentals group?",intermedio,960,960;1146;2182;1130;2026,0.3717;0.5367;0.5547;0.5552;0.5583,0.5153143763542175,True,0.0,0.3717085123062134,0,0,Julie is a University of Nebraska graduate.,"Based on the emails provided, there is no information regarding Julie's educational background. The records only indicate that you suggested contacting her on February 2, 2001, regarding a new role in your fundamentals group.",ambos_fallan
85,"Why am I unable to attend the meeting scheduled for 10:00 on September 7th, and what personnel change occurred at the company effective August 31st?",intermedio,402,1411;1880;2164;43;318,0.4144;0.4520;0.4728;0.4779;0.4891,0.46124998331069944,False,7.0,0.49981868267059326,0,0,"I cannot attend because I have a business review meeting with Jeff Skilling, and Bob Klein has resigned from the company.","I am sorry, Sally, but the provided emails do not contain information regarding a meeting on September 7th at 10:00 AM, nor do they mention any personnel changes effective August 31st.",ambos_fallan
86,What is the Request ID for the security approval request regarding Maria Garza's access to the EOL US Other application?,intermedio,726,726;152;158;1652;1579,0.1270;0.4623;0.4902;0.5074;0.5182,0.42102354764938354,True,0.0,0.1269734501838684,0,0,The Request ID is 000000000009315.,"Based on the emails provided, there is no mention of a specific Request ID for Maria Garza's access to the EOL US Other application. The information only states that a request was created on 2000-12-06 and that it requires review by security approvers.",ambos_fallan
87,What is my revised schedule for the upcoming reception and interviews?,intermedio,1609,43;1857;788;1468;1471,0.5031;0.5526;0.5552;0.5781;0.5842,0.5546484589576721,False,,,0,0,"I will miss the reception on Sunday and the interviews on Monday, but I will arrive Monday night and conduct interviews on Tuesday.","Based on the emails provided, there is no information regarding a revised schedule for an upcoming reception or interviews. The available correspondence only mentions a meeting with Beth, Jeff, and Brent, a confirmed meeting from Shona Wilson, a Media Preparedness Session on June 12th, and a scheduling request from Richard Causey for September 10th.",ambos_fallan
88,"What is the status of the books in the gas and power area for the date of 11/30/2001, which was the last day before the bankruptcy declaration?",intermedio,2127,2127;2096;1499;1336;2130,0.2344;0.5064;0.5077;0.5182;0.5468,0.46270122528076174,True,0.0,0.2344118356704712,1,1,All books were run properly in the gas and power area on 11/30/2001.,"Regarding the status of the gas and power books for November 30, 2001, C. Gossett confirmed that they were run correctly on that day. If you need further details, you can direct any additional questions to C. Gossett or yourself.",ambos_aciertan
89,What are the dates and times for the home games where Meagan will be performing in the half-time routine?,intermedio,409,1471;192;350;409;621,0.5522;0.5695;0.5879;0.6292;0.6340,0.5945712804794312,True,3.0,0.6292029023170471,0,0,"The home games are Friday, September 15 at 7:00 pm, Saturday, October 14 at 7:00 pm, and Friday, October 20 at 7:00 pm.","Sally, based on the emails provided, there is no information regarding the dates or times for the home games where Meagan will be performing in the half-time routine. The emails only mention that she is participating in dance try-outs for the football season.",ambos_fallan
90,What specific document did I request to see in its entirety regarding the RFP response sent to CMS?,intermedio,1055,1055;547;1527;183;352,0.2527;0.5508;0.5693;0.5695;0.5753,0.5035338759422302,True,0.0,0.25272876024246216,1,1,"I requested a copy of the complete response to the RFP, as the document we were reviewing was only part of the package.","You requested to see the complete RFP response document that was sent to CMS, specifically to verify if the discussed changes had been included.",ambos_aciertan
91,"Who is in charge during Steve's absence on Monday, January 7, and what is his cell phone number?",intermedio,2036,2036;1750;2117;788;1839,0.2671;0.5185;0.5621;0.5809;0.6095,0.5076186418533325,True,0.0,0.26709485054016113,0,0,"Scott Abshire is in charge, and his cell phone number is 713-853-6780.","Scott Abshire is in charge during Steve's absence on January 7. Regarding his cell phone number, the provided emails do not contain that information.",ambos_fallan
92,"Who did I meet with on March 13, 2000, to schedule the operations and controls reviews of Enron offices?",intermedio,127,127;1417;1456;2047;1963,0.2632;0.3102;0.3114;0.3131;0.3605,0.3116567969322205,True,0.0,0.26315557956695557,1,1,"I met with Ted Murphy, Tom Bauer, and Jim Brown.","On March 13, 2000, you met with Ted Murphy, Tom Bauer, and Jim Brown to schedule the operations and controls reviews for Enron offices.",ambos_aciertan
93,Which resort did I suggest as a potential location for the family anniversary trip in January 2001?,intermedio,851,851;831;396;118;373,0.4666;0.5054;0.5628;0.5831;0.6114,0.5458675503730774,True,0.0,0.4666295051574707,0,0,I suggested the Hyatt Hill Country.,"In January 2001, you suggested researching High Hampton Inn and Blackberry Farm as potential locations for your family anniversary trip.",ambos_fallan
94,"Who is Steve Pruett, according to the email from Jeff Bartlett?",intermedio,2215,2215;2036;401;1777;703,0.3285;0.5639;0.5761;0.6084;0.6166,0.538698923587799,True,0.0,0.3284875154495239,1,1,Steve Pruett is a former Enron VP in Energy Capital Resources who left Enron approximately six months prior to January 2002.,"According to the email from Jeff Bartlett, Steve Pruett is a former Enron VP.",ambos_aciertan
95,"Who is aware of the boxes ready to be transferred to HPL, and when will Beth Apollo provide more information?",intermedio,2002,2002;2014;939;1350;903,0.2587;0.3237;0.4742;0.5098;0.5160,0.4164762496948242,True,0.0,0.2587094306945801,1,1,"Pat Weatherspoon is aware of the boxes, and Beth Apollo will provide more information when Pat returns on Wednesday.","Regarding the boxes ready to be transferred to HPL, Beth Apollo, Pat Weatherspoon, and Bob are aware of the situation. Additionally, Beth has confirmed that the records are ready, pending legal approval from Anne Koehler, and she will notify Jim Coffey and Shirley.

As for the follow-up, Beth Apollo is scheduled to provide more information this coming Wednesday.",ambos_aciertan
96,"When is the cross-functional PRC meeting with Rick Causey scheduled, and when is the deadline for submitting accomplishment compilations?",intermedio,650,650;600;301;1274;270,0.3237;0.3329;0.3551;0.3820;0.4050,0.3597333073616028,True,0.0,0.32370245456695557,0,0,"The meeting is scheduled for Friday, December 1, and the deadline for submitting accomplishments is Thursday.","The PRC meeting with Rick Causey is scheduled for December 12, and the deadline for submitting your accomplishment compilations is Thursday, December 1.",ambos_fallan
97,"During my visit to the London office the week of January 15, 2001, which individuals did I plan to spend most of my time with?",intermedio,877,896;819;877;905;898,0.4842;0.5117;0.5173;0.5216;0.5278,0.512516188621521,True,2.0,0.5172643065452576,1,1,I planned to spend most of my time with Fernley and Mike Jordan.,"During your visit to the London office the week of January 15, 2001, you planned to spend your time meeting with Fernley and Mike Jordan. Additionally, you had a dinner scheduled with Mo on January 17.",ambos_aciertan
98,Who gave a presentation to the Peoples Energy Board that Louise Kitchen found very impressive?,intermedio,1162,1163;1155;1012;1162;1154,0.3350;0.3362;0.4478;0.4523;0.4543,0.4051133871078491,True,3.0,0.4522697329521179,1,1,Bob Superty gave the presentation.,Bob Superty gave the presentation to the Peoples Energy Board that Louise Kitchen found impressive.,ambos_aciertan
99,What are the specific dates in March 2001 that I am available to conduct interviews at UT?,intermedio,1029,1091;1063;970;1029;1841,0.5073;0.5250;0.5395;0.5450;0.5475,0.5328611731529236,True,3.0,0.5449767708778381,1,1,"I am available on Tuesday, March 27 and Thursday, March 29.","Based on your records, you are available to conduct interviews at UT on March 27 or March 29, 2001.",ambos_aciertan
100,What are the specific topics and people I planned to discuss or meet with during my upcoming trip to the London office in January 2001?,largo,859,859;819;877;898;1091,0.4620;0.4715;0.5010;0.5104;0.5150,0.49198747873306276,True,0.0,0.4619864821434021,0,0,"I planned to review the action plan for London books, replicate an Operational Risk session, discuss the Doorstep process, technology dependencies with Mark Pickering, planning for the February 12 & 13 ASE, and the operational pricing model. I also intended to meet with Michael Brown, Beth Apollo, Ted Murphy, and Fernley.","For your upcoming trip to the London office in January 2001, you have planned to discuss operational processes, technology, and commercialization, as well as general business topics following the year-end closing.

Regarding the people you planned to meet with, your schedule includes meetings with Mark Pickering, Michael Brown, Beth Apollo, Ted Murphy, Fernley, and Mike Jordan. Additionally, you mentioned that you would coordinate with Shona regarding Q1 reviews.",ambos_fallan
101,"What were the details of my itinerary for the Enron MBA Excellence Fund Scholars Dinner in Austin on September 7, 2000?",largo,422,422;148;2047;1553;324,0.3973;0.4535;0.4613;0.4730;0.4753,0.4520862340927124,True,0.0,0.39733266830444336,0,0,"I was scheduled to depart Houston-Hobby at 4:20 PM, meet Rick Causey at The Driskill lobby at 6:30 PM, and attend dinner at The Josephine House at 7:30 PM.","For the Enron MBA Excellence Fund Scholars Dinner in Austin on September 7, 2000, your itinerary involved traveling to Austin on that day to meet with Rick Causey, and returning on September 8.",ambos_fallan
102,"What actions were required of employees by 2:00 PM on December 17, 2001, regarding the list of retained employees?",largo,1957,1902;1800;1803;2119;2153,0.5224;0.5340;0.5348;0.5414;0.5440,0.5353357076644898,False,,,0,0,"Employees needed to verify their tab in the email to confirm the list of retained employees, indicate those designated for NewCo, return a signed hard copy of the list to Marla Barnard, and complete a summary template for Kerry Roper or Mike Galvan.","I have reviewed the provided emails, and there is no information regarding any actions required of employees by 2:00 PM on December 17, 2001, concerning a list of retained employees.",ambos_fallan
103,What plans did I propose for the visit of my guests to Houston in early November 2000?,largo,527,531;462;118;1402;466,0.4519;0.4536;0.4890;0.5012;0.5108,0.4812850594520569,False,,,0,0,"I proposed taking the day off on Friday, November 3, for us to do something fun with Rebecca and Tyler, and potentially arranging a lunch on Thursday at Irma's for our group and ex-First City folks.","For the visit of your guests (Stephanie, Paul, and Rebecca) to Houston from November 1-4, 2000, you proposed that Stephanie interview at UT on October 30-31. Additionally, you suggested a reunion with Chuck Randall and Jeff Baker if the recipient visits Houston during that time.",ambos_fallan
104,"What was the status of scheduling VP reviews as of September 20, 2000, following the VP PRC meeting?",largo,441,391;1341;300;441;1274,0.2781;0.3253;0.3442;0.3444;0.4142,0.3412361145019531,True,3.0,0.3444381356239319,0,0,"The VP PRC meeting took place on September 11 and 12, but HR had not yet received the final results as of September 15, so I decided to wait until those were in hand before scheduling the reviews.","As of September 20, you have scheduled the VP reviews to take place after September 12, once you have confirmed with HR that the results from the September 11-12 PRC meeting are finalized.",ambos_fallan
105,When and where was the Enron MBA Excellence Fund Scholarship dinner scheduled to take place in October 2001?,largo,1556,1565;2047;1553;1556;324,0.4091;0.4240;0.4253;0.4349;0.4391,0.42647753953933715,True,3.0,0.43494099378585815,1,0,"The dinner was scheduled for Tuesday, October 16, 2001, at The Josephine House, with cocktails at 7:00 PM and dinner at 7:30 PM.","The Enron scholarship dinner was scheduled to take place on October 16, 2001, at The Josephine House in Austin.",discrepancia
106,What issue did the credit department raise regarding the CommodityLogic version 2.0 release scheduled for December 15?,largo,617,1244;617;1491;348;163,0.4482;0.4554;0.4691;0.4756;0.5245,0.47454931735992434,True,1.0,0.4554205536842346,0,1,"The credit department raised concerns about the accuracy of the data in the new 'exposure tracker' feature and requested a meeting to ensure they have good data, as they currently rely on manual calculations.","Regarding the CommodityLogic 2.0 release scheduled for December 15, Douglas Fuehne requested a meeting with you, Tom Gros, and Bill Bradford to address concerns about data accuracy.",discrepancia
107,Who were the UT faculty members invited to the Enron MBA Excellence Fund Scholarship dinner in October 2001?,largo,1552,1586;1552;1565;1078;1553,0.3400;0.3530;0.3865;0.3965;0.4215,0.37949318885803224,True,1.0,0.3530014157295227,1,1,"The invitees were Philip Zerrillo, Britt Freund, Dr. Ehud Ronn, Dr. George Gau, Dr. Beverly Hadaway, Dr. Linda Golden, and Eloy Garcia.","The UT faculty members invited to the Enron scholarship dinner on October 16, 2001, are Zerrillo, Freund, Ronn, Gau, Hadaway, Golden, and Garcia.",ambos_aciertan
108,When did I tentatively plan to travel to the London office to discuss year-end closing issues and bonus information?,largo,819,819;727;898;1589;846,0.4550;0.5110;0.5418;0.5682;0.5694,0.5291019439697265,True,0.0,0.4550083875656128,1,1,I tentatively planned to travel to the London office during the week of January 15.,"You tentatively planned to visit the London office the week of January 15, 2001, to discuss business topics after year-end closing. Additionally, you planned to arrive on Monday and depart on Friday of that week to meet and discuss schedules. 

Please note that the provided emails do not contain information regarding a discussion about ""bonus information.""",ambos_aciertan
109,What are the main goals for Global Risk Management Operations in 2000 regarding infrastructure and talent?,largo,102,102;1042;1320;1466;1422,0.3484;0.4829;0.4855;0.5226;0.5274,0.47335063219070433,True,0.0,0.34837615489959717,0,1,"The goals include building operational and controls infrastructure for merchant activities, emerging businesses, and joint ventures, as well as strengthening mid and back office talent through common standards, a controls mindset, rotational opportunities, and coordinated IT systems.","The main goals for Global Risk Management Operations in 2000 regarding infrastructure and talent were part of the 2000 Global Risk Management Operations goals you sent to Rick on February 29, 2000. At that time, you noted that action plans for these goals were in progress.",discrepancia
110,What is my office phone number that I provided to the person in charge of the malfunctioning system?,largo,385,608;1664;1027;1760;999,0.5593;0.5780;0.5978;0.6019;0.6037,0.5881400108337402,False,5.0,0.6053392291069031,0,0,My office phone number is 35926.,Your office phone number is 713 853 9123.,ambos_fallan
111,"Why will I be out of the office on March 2nd and March 5th, 2001?",largo,995,2121;630;251;2153;1017,0.5723;0.5908;0.6077;0.6121;0.6137,0.5993254542350769,False,40.0,0.7094281315803528,0,0,I will be out of the office on those dates to chaperone Meagan's drill team to a state competition in Dallas.,"I have checked your records, but I do not have any information regarding why you would be out of the office on March 2nd and March 5th, 2001. The only record I have concerning your schedule is for Wednesday, November 22, 2000.",ambos_fallan
112,What is my scheduled Outlook migration date according to the notification from the Outlook team?,largo,1229,1229;800;981;700;1166,0.3176;0.5253;0.5677;0.5864;0.5958,0.5185632467269897,True,0.0,0.3175782561302185,1,1,My scheduled Outlook migration date is the evening of April 23rd.,"According to the notification from the Outlook team, your scheduled migration date is April 23rd.",ambos_aciertan
113,"What is the frequency and the location of the ISC Training and Communication Services Team staff meetings starting September 29, 2000?",largo,438,2047;1836;336;2179;600,0.4221;0.4704;0.4864;0.5053;0.5077,0.47836867570877073,False,16.0,0.533261239528656,0,0,The meetings occur every second week on Friday in conference room #42c1.,"Based on the emails provided, there is no information regarding the frequency or location of the ISC Training and Communication Services Team staff meetings starting on September 29, 2000. 

The only staff meeting information available confirms that your own staff meetings are held on Mondays from 2:30 PM to 3:30 PM in EB3014.",ambos_fallan
114,"Which cities had ENA Energy Operations employees working on January 1st, 2000, to test systems?",largo,28,704;61;1490;28;1577,0.4120;0.4189;0.4212;0.4493;0.5006,0.44037318229675293,True,3.0,0.4492863416671753,0,0,"The employees were working in the offices in Houston, Denver, and Calgary.","Sally, the provided emails do not specify the cities where the ENA Energy Operations employees were working on January 1, 2000; they only mention that you thanked the employees for working that day to test systems per Ken Walther's plan to ensure business continuity for ENA.",ambos_fallan
115,"What time did I hope to have my meeting with James on Friday, February 9th, 2001?",largo,980,2202;2047;335;1533;1464,0.4477;0.4839;0.4861;0.4883;0.4910,0.4793917179107666,False,48.0,0.5812087655067444,0,0,I hoped to have that meeting with James at 10:30.,"I am sorry, Sally, but the provided emails do not contain any information regarding a meeting with James on Friday, February 9th, 2001.",ambos_fallan
116,"What specific suggestions did Bob Superty make to improve employee morale at Enron following our lunch meeting on October 23, 2001?",largo,1640,1640;1709;1716;1641;1154,0.2417;0.3376;0.4004;0.4018;0.4394,0.364189875125885,True,0.0,0.24165892601013184,0,1,"Bob suggested promoting positive news like the move to the new building, hosting a mini open house, having vendors in the lobby to showcase technology, offering employee discounts on electronic devices, hosting more industry meetings like GISB, and having the Executive team hold regular, impromptu floor meetings to connect with employees.","Following your lunch meeting on October 23, 2001, Bob Superty proposed several initiatives to boost morale at Enron in his email on October 24. His specific suggestions included:

*   Building events.
*   Vendor showcases.
*   Executive floor meetings.

You decided to pilot these ideas within Enron Net Works and suggested forming ad hoc groups across business units to implement them.",discrepancia
117,What are the specific technical issues Stacey White identified regarding the Enpower system's handling of swaptions and asian options?,largo,773,773;1714;1745;1479;689,0.3294;0.5665;0.5720;0.5862;0.5954,0.5298929572105407,True,0.0,0.3293619155883789,0,1,"Stacey noted that IT is currently working on new volatility curves for swaptions and correlations for asian options to ensure they are valued properly, as the current system was originally built for physical power and lacks these specific financial market enhancements.","Stacey White confirmed that the concerns raised by James regarding Enpower's swaptions and asian options are accurate, specifically noting that there are valuation issues. To address these, IT is currently developing new volatility curves and an option sensitivity matrix.",discrepancia
118,"Who is the individual responsible for conducting the new market survey and compensation analysis for Manager level positions and above at ENA, EIM, and EGM?",largo,435,1454;729;1098;1550;2087,0.5058;0.5079;0.5105;0.5213;0.5265,0.5143940806388855,False,8.0,0.5380334854125977,0,0,Todd Burke is the individual responsible for conducting the market survey and compensation analysis for those positions.,"Based on the emails provided, there is no information regarding an individual responsible for conducting a new market survey or compensation analysis for Manager level positions and above at ENA, EIM, and EGM.",ambos_fallan
119,"What specific information does Chris Abel need from me by 2:30 p.m. on January 24, 2002, to prepare the bi-weekly DPR for active positions?",largo,2213,2213;806;2186;1703;703,0.2239;0.4211;0.4296;0.5318;0.5431,0.4299032211303711,True,0.0,0.223854660987854,1,1,Chris needs the PRM values (column X) for the positions and confirmation that I am satisfied with the benchmark numbers pulled from RMS.,"To prepare the bi-weekly DPR for active positions, Chris Abel needs you to provide the PRM values and the benchmark confirmation by 2:30 PM today. Additionally, you need to verify the unofficialized book list.",ambos_aciertan
120,What is my proposed plan to ensure the RMT Confirmations are completed promptly if we are currently short-staffed?,largo,821,821;755;2227;1262;1673,0.4471;0.5691;0.5796;0.5800;0.5949,0.5541661739349365,True,0.0,0.4470963478088379,0,1,I proposed enlisting Jeff Sorenson to help with the catch-up work and mentioned I would speak with Brent Price to secure his support for Jeff's involvement.,"To ensure the RMT Confirmations are completed promptly, your proposed plan is to involve Jeff Sorenson to assist with the workload and to establish a reporting process for Stephen Douglas.",discrepancia
121,What is the deadline and purpose of the questionnaire being circulated by Mark E. Haedicke to Enron North America and Enron Net Works directors and officers?,largo,2087,2087;2085;1860;1454;1624,0.2045;0.4079;0.4084;0.4380;0.4783,0.3874231815338135,True,0.0,0.20451200008392334,1,1,"The questionnaire must be completed by 4:00 p.m. on January 10, 2002, to disclose any transactions between the recipients and Enron related to the trading business since September 30, 1999, in connection with the proposed sale of the wholesale trading business.","The deadline to complete the questionnaire circulated by Mark E. Haedicke is January 10, 2002, at 4:00 p.m. The purpose of this questionnaire is to gather information regarding transactions since September 30, 1999, in order to facilitate the sale of Enron's wholesale trading business.",ambos_aciertan
122,When and where is the EGM Organizational Post Petition meeting scheduled to take place?,largo,2042,2042;1483;1764;1481;793,0.2323;0.3937;0.4007;0.4086;0.4269,0.37243024110794065,True,0.0,0.23225045204162598,0,0,"The meeting is scheduled for Monday, January 7th, at 9:00 am in conference room ECN 30C1.","The EGM Organizational Post Petition meeting is scheduled for January 7th at 9:00 am, and it will be led by Gary Hickerson. The provided information does not specify the location for this particular meeting.",ambos_fallan
123,Who are the targeted attendees for the upcoming presentation meeting regarding Enron services and the DASH process?,largo,1141,2047;1714;1860;1467;1577,0.4144;0.4235;0.4618;0.4800;0.4828,0.4524854183197021,False,12.0,0.5143824219703674,0,0,"The targeted attendees are Frank Vickers, Laura Luce, Barry Tycholiz, Fred LaGrasta, Dave Duran, Ozzie Pagan, Ed Baughman, Bruce Shuckley, Chris Calger, Ladain, and Max Y.","Based on the emails provided, there is no information regarding a presentation meeting about Enron services and the DASH process, nor are there any targeted attendees listed for such a meeting.",ambos_fallan
124,"What is the deadline for confirming forecast numbers and reflecting changes for the respective areas, including the new Capex section?",largo,1961,1961;1589;1722;1023;668,0.4878;0.5284;0.5762;0.5820;0.5833,0.551535177230835,True,0.0,0.48778170347213745,1,1,"The deadline for confirming the numbers and reflecting any changes is the end of the day on December 17, 2001.","The deadline for confirming the forecast numbers, including Capex and NETCo allocations, is the end of the day on December 17, 2001.",ambos_aciertan
125,What are the specific criteria and the deadline for submitting a list of individuals for promotion to HR generalists?,largo,2073,2073;651;1084;600;2167,0.4415;0.5640;0.5982;0.5990;0.6017,0.5609077215194702,True,0.0,0.4415033459663391,0,0,"The nominee must have been in their current role for at least a year and received a 3 or better rating during the mid-year PRC process, with a submission deadline of 12:00 pm on Thursday, January 10, 2002.","Based on the emails provided, you need to submit the list of promotion candidates along with their justifications by 12:00 pm on January 10, 2002. This list should be submitted to the designated HR contacts. 

The provided information does not specify the criteria for these promotions, only the deadline and the requirement to include justifications.",ambos_fallan
126,"What is the phone number for Beverly Scott, who is coordinating the outfit selection for the show?",largo,383,383;1171;1176;85;1750,0.2919;0.5272;0.5523;0.5557;0.5619,0.49781969785690305,True,0.0,0.29190999269485474,1,1,Beverly Scott's work phone number is 281-444-0751.,The phone number for Beverly Scott is 281-444-0751.,ambos_aciertan
127,"When do the children get out of school, which is a factor in planning the group trip?",largo,396,396;1168;1282;192;1370,0.5380;0.6354;0.6401;0.6625;0.6769,0.6305768489837646,True,0.0,0.5379604697227478,0,0,"The children get out of school on Friday, May 25.","Based on the information provided in your emails, there is no mention of when the children get out of school. You only noted that you are planning the group trip for dates around May 25–June 2, 2001.",ambos_fallan
128,What is the objective of the meeting requested by Robert Carter of Enterprise Services Company with Enron Wholesale?,largo,1714,1714;2087;1281;1550;1467,0.4371;0.4801;0.4822;0.4898;0.4935,0.47653329372406006,True,0.0,0.43712544441223145,1,1,The objective is to identify opportunities for ESC to provide business process support services to Enron Wholesale.,The meeting requested by Robert Carter of Enterprise Services Company is intended to discuss business process support opportunities.,ambos_aciertan
129,Which three individuals does Sally Beck recommend for the Netco team due to their extensive operations and risk management experience?,largo,2013,2013;2116;2015;2114;835,0.2754;0.3279;0.3956;0.4001;0.4023,0.3602769494056702,True,0.0,0.2754111886024475,1,1,"Sally Beck recommends Todd Hall, Kevin Sweeney, and Shona Wilson.","You recommended Todd Hall, Kevin Sweeney, and Shona Wilson for the Netco team due to their specialized experience in operations, risk management, and reporting.",ambos_aciertan
130,When will I be back in the office after my trip to the London office in January 2001?,largo,868,819;630;289;631;1533,0.5137;0.5181;0.5341;0.5387;0.5419,0.5293020367622375,False,,,0,0,"I will be back in the office on Monday, January 22.","The provided emails do not specify your return date from the London office; they only mention that you plan to visit during the week of January 15, 2001.",ambos_fallan
131,What are the potential drawbacks of staying at the Richmond Hill Inn in Asheville for Thanksgiving?,largo,943,943;2166;481;454;928,0.5757;0.6239;0.6754;0.6873;0.6942,0.651299524307251,True,0.0,0.5756729245185852,0,0,"Most of their rooms have only king-size beds and sleep two people, which makes it difficult to accommodate a group of five.","Based on the email provided, there is no information regarding potential drawbacks of staying at the Richmond Hill Inn in Asheville for Thanksgiving. The email only mentions your proposal to stay there and coordinate with your family.",ambos_fallan
132,Why am I concerned about the performance issues of the Unify system?,largo,1519,1457;1337;1694;1284;1576,0.5386;0.5536;0.5773;0.5914;0.6169,0.5755466103553772,False,9.0,0.7193024158477783,0,1,"Because of nomination deadlines and the exchange of information with external parties, poor performance creates real dollar and PR exposure.","You are concerned about the performance of the Unify system because, as M. Hall noted on May 11, 2001, the system remains dysfunctional and is facing a significant backlog. Furthermore, there is a specific concern regarding the impact of pulling experienced personnel away from Unify while it is in this state.",discrepancia
133,Why do I want to meet with Steve and Beth regarding the ERMS system?,largo,410,410;1295;1866;1350;1857,0.4501;0.5552;0.5596;0.5847;0.5862,0.5471754908561707,True,0.0,0.45012104511260986,1,1,"I want to discuss the staffing plan for ERMS support, specifically how day-to-day production support and development work will be managed following the resignation of Curtis Smith.","You want to meet with Steve and Beth to discuss ERMS staffing and support, following Curtis Smith's resignation.",ambos_aciertan
134,What was the trend for Coal trades on EnronOnline in November 2000 compared to October?,largo,719,719;1358;13;1693;1426,0.4729;0.5017;0.5334;0.5446;0.5571,0.5219369292259216,True,0.0,0.4729419946670532,0,0,"Coal trades decreased significantly, with the total monthly deal count for November being only about 23% of the total in October.","Based on the emails provided, there is no information regarding the specific trend for Coal trades on EnronOnline during November 2000 compared to October. The available records only note that, starting December 7, 2000, Peter Berzins reported that Coal trends had declined since September.",ambos_fallan
135,Why did I decide to cancel my recruiting trip to Oklahoma in October 2001?,largo,1617,548;810;452;472;499,0.5535;0.6296;0.6361;0.6416;0.6429,0.6207433581352234,False,,,0,0,"I decided to stay to attend the all-employee meeting at the Hyatt, as I believe it is important for senior leadership to have a visible presence given the negative publicity and market reaction.","I am sorry, Sally, but the provided information does not contain any details regarding a recruiting trip to Oklahoma in October 2001 or the reasons for its cancellation. The only travel information available in your records refers to your Thanksgiving plans and your interview at Wellesley College in November 2000.",ambos_fallan
136,What is the status of my potential involvement with Netco as of January 2002?,largo,2114,1951;1985;2142;2119;1961,0.4158;0.4302;0.4475;0.4617;0.4675,0.44453288316726686,False,28.0,0.6205609440803528,0,0,"Despite my initial disinterest, I am still receiving calls about taking the Netco operations role and there are parties interested in discussing a real role once the purchaser is known.","As of January 2002, here is the status regarding NetCo:

*   **Logistics and Planning:** On January 15, 2002, Bob and Hunter reworked the NetCo logistics list and planned to review it with the deskheads.
*   **Retention Payments:** As of January 11, 2002, Delainey clarified that your early December retention payments (which expire on February 28) are secure regardless of whether you join NewCo or NetCo. You are not in breach of contract by choosing NewCo, and new retention packages are expected to be announced in the coming weeks.
*   **Operational Updates:** Earlier, in mid-December, it was established that Enron's IP was being transferred to NetCo while retaining perpetual licensing rights. Additionally, Beth Perlman confirmed plans to cancel the Netegrity contract and review Interwoven licenses as part of the NetCo allocations.",ambos_fallan
137,What are the terms of the settlement Enron reached with Dynegy regarding the Northern Natural Gas pipeline?,largo,2044,2044;1232;1882;1490;2172,0.3406;0.5432;0.5592;0.5712;0.5860,0.5200392365455627,True,0.0,0.3406340479850769,1,1,"The settlement allows Dynegy to exercise its option to acquire the pipeline and assume interim control, while Enron dismisses its Texas lawsuit and pursues a $10 billion damage claim.","The terms of the settlement with Dynegy regarding the Northern Natural Gas pipeline, as announced on January 3, 2002, are as follows:

*   Dynegy is allowed to acquire Northern Natural Gas.
*   Enron will pursue a $10 billion damage claim.
*   Repurchase rights are extended until June 30.",ambos_aciertan
138,What are the current top priorities I am juggling for Enron Americas in April 2001?,largo,1232,1417;1577;1281;1232;1784,0.4496;0.4548;0.4661;0.4667;0.4768,0.46279016733169553,True,3.0,0.46671003103256226,1,1,"My priorities include managing day-to-day business, absorbing pieces of EES, the sale of Houston Pipeline to AEP, and the commercialization of mid and back office services.","As of April 19, 2001, your top priorities for Enron Americas are:

*   Absorbing EES.
*   Selling the Houston Pipeline by June or July.
*   Commercializing services.",ambos_aciertan
139,Why is the IT Solution Center no longer providing 24-hour support as of January 2002?,largo,2112,2112;1664;1848;1690;677,0.4817;0.5011;0.5339;0.5678;0.5716,0.5312259435653687,True,0.0,0.48168474435806274,1,1,"The 7x24 support team was let go during a staff reduction in the first week of December, and the remaining help desk staff is not required to be on call.",The IT Solution Center is no longer providing 24-hour support as of January 2002 due to staff reductions that took place in December.,ambos_aciertan
140,What is the purpose of the meeting requested by Fred Kelly and Lloyd Will regarding my organization?,largo,1630,1630;763;780;2208;2116,0.3470;0.5171;0.5173;0.5278;0.5326,0.488369882106781,True,0.0,0.34699398279190063,1,1,They want to introduce themselves and obtain a high-level organizational chart of my group to better understand my team.,The purpose of the meeting requested by Fred Kelly and Lloyd Will is to introduce themselves to you and to obtain your organization's high-level org chart for the EES Retail Operation Center project.,ambos_aciertan
141,Why did I inform Lexi that I could not attend the recruiting strategy event on Wednesday night?,largo,374,374;403;483;482;1755,0.4190;0.4504;0.4930;0.5193;0.5269,0.4817260503768921,True,0.0,0.4190326929092407,1,1,"I was not on the original list for the event, and I had childcare conflicts because my husband had a commitment away from home.",You informed Lexi that you could not attend the recruiting event because of childcare conflicts.,ambos_aciertan
142,Who is the top Energy Management student from the University of Oklahoma that I recommended for a rotation in the Analyst Program?,largo,955,955;160;956;1338;1586,0.4256;0.5251;0.5512;0.5555;0.5664,0.5247827053070069,True,0.0,0.4256308674812317,1,1,"Jody Crook, who previously worked as a risk book administrator in gas trading and as a landman for Burlington Resources.","The top Energy Management student from the University of Oklahoma that you recommended for a rotation is Jody Crook, who was hired in February 2000.",ambos_aciertan
143,What change was made to the Enron Reward Bucks program following my last staff meeting?,largo,1564,1564;1902;1860;1543;1761,0.3678;0.4189;0.4474;0.4953;0.4996,0.4458113670349121,True,0.0,0.367781400680542,1,1,The program was modified to include the recognition of Managers.,"Following your suggestion, the Enron Reward Bucks program was updated to include Managers, allowing for flexible card denominations of up to $200.",ambos_aciertan
144,What are the four components of the Mid/Back Office presentation for the offsite meeting?,largo,1406,1308;1216;235;1406;514,0.4538;0.5428;0.5431;0.5501;0.5622,0.5303935885429383,True,3.0,0.5500686764717102,0,0,"Global Risk Management Operations, IT Systems, CommodityLogic Modules, and the Commercialization Effort.","Based on the emails provided, there is no information specifying the four components of the Mid/Back Office offsite presentation. The records only indicate that Patti is consolidating slides from you (Sally Beck), Perlman, and Gros for that presentation.",ambos_fallan
145,What is the primary concern regarding the service provided to the Calgary office?,largo,313,313;198;1479;163;2190,0.5539;0.5793;0.5874;0.5897;0.6381,0.5896956562995911,True,0.0,0.553922176361084,0,1,"We have a high error rate and poor internal PR with Calgary, and we need to improve our service delivery and address their perception of our operations.","The primary concern regarding the service provided to the Calgary office stems from the decision by Mark Taylor to delay the transfer of confirmation responsibilities, which prompted you to request a meeting to improve service quality.",discrepancia
146,What information did Hector McLoughlin request from me and other managers regarding employees in the estate?,largo,2179,2135;2078;2198;1212;2165,0.4276;0.4313;0.4985;0.5220;0.5288,0.4816349148750305,False,,,0,0,He requested that we designate which specific business unit each employee supports for a meeting with Dave Delaney and Jim Fallon.,"Hi Sally, regarding your question about Hector McLoughlin's requests concerning employees in the estate, he has asked for the following:

*   **Staff Reductions:** He requested estimates on pending staff reductions by April 14th to assess their impact on the Estate.
*   **Vacation Carry-over:** He requires vacation carry-over reports to be signed by January 22, 2002. Additionally, any excess hours over 40 require approval from the Creditors Committee and HR by January 29, with a final posting deadline of January 31, 2002.

He also previously requested to attend a staff meeting to discuss vacation balances, resignations, and the new Contractor Engage process.",ambos_fallan
147,Which universities has my daughter Meagan applied to for her senior year of college?,largo,1884,1974;388;1884;1635;1065,0.5107;0.5126;0.5370;0.5758;0.6133,0.5498803377151489,True,2.0,0.5369824171066284,1,1,"She has applied to the University of Oklahoma, UT, SMU, and TCU.","Meagan applied to UT, OU, SMU, and TCU.",ambos_aciertan
148,What action have I taken to address the issues identified with the SAP system?,largo,448,782;448;1576;1694;1495,0.3578;0.3706;0.3740;0.4315;0.5013,0.4070363163948059,True,1.0,0.37061846256256104,1,1,I have asked Leslie Reeves and Bryce to provide more detail on specific examples so we can determine if the issues are human or system-related and identify necessary fixes.,"Regarding the issues identified with the SAP system, you took action on September 22, 2000, by initiating a team effort to investigate them. Specifically, you tasked Leslie Reeves and Bryce with investigating the distinction between human and system errors.",ambos_aciertan
149,What is the launch date of EnronOnline Version 1.0?,largo,1873,1963;594;1684;1456;1417,0.3773;0.3908;0.4013;0.4304;0.4365,0.4072620034217834,False,,,0,0,"November 29, 1999.","I'm sorry, Sally, but the provided emails do not contain information regarding the launch date of EnronOnline Version 1.0. They only mention the distribution of the Daily EnronOnline Executive Summary on June 5 and May 30, 2001.",ambos_fallan
150,"What are the specific dates in September 2000 that I am unavailable for meetings due to travel, training, and other commitments?",multi_mensaje,424,43;1545;1533;2202;1411,0.4512;0.5070;0.5224;0.5252;0.5345,0.5080735564231873,False,,,0,0,"I am out of the office from Tuesday, September 12 through Friday, September 15. Additionally, I am at a Communications training session on Monday, September 18, and in a V@R class on Thursday and Friday, September 21 and 22.","Based on the emails provided, there is no information regarding your availability or commitments in September 2000.",ambos_fallan
151,Who are the subject matter experts I should consult regarding the process of updating the GCP database?,multi_mensaje,746,746;749;1813;392;1393,0.3028;0.4594;0.5605;0.6041;0.6114,0.5076395869255066,True,0.0,0.30284583568573,1,1,Mary Solmonson and James Scribner are the logical experts to discuss the GCP update process.,"Based on the emails, you should consult Mary Solmonson and James Scribner regarding the GCP update processes.",ambos_aciertan
152,When is the second session of the Center for Houston's Future Leadership Forum that I am scheduled to attend?,multi_mensaje,1535,462;770;480;1535;1282,0.4612;0.5029;0.5062;0.5344;0.5405,0.5090332150459289,True,3.0,0.5343933701515198,0,1,"The second session is scheduled for November 1-3, 2001.","Based on the emails provided, there is no information regarding a second session of the Center for Houston's Future Leadership Forum. The only mention of the forum refers to your participation in the upcoming November 1-3 session.",discrepancia
153,"What is the subject of the deal I requested information about from Dan Leff on November 5, 2001?",multi_mensaje,1748,1748;1705;1699;1738;1843,0.3416;0.4980;0.5341;0.5345;0.5684,0.49531716108322144,True,0.0,0.3416101932525635,1,1,The deal is the Rexam deal.,"The deal you requested information about from Dan Leff on November 5, 2001, is the Rexam deal.",ambos_aciertan
154,"Which evenings are available for me to have dinner with you, Frank, and Mo during my trip to the London office the week of March 20, 2000?",multi_mensaje,123,1168;896;1173;123;481,0.4532;0.4920;0.5262;0.5299;0.5394,0.5081588983535766,True,3.0,0.5299304723739624,1,1,"Monday, March 20th, or Wednesday, March 22nd, are available for dinner.","Based on the emails provided, you are available for dinner with Frank and Mo on Monday or Wednesday of that week. Tuesday is already committed to Fernley, and Thursday is committed to Richard Sage.",ambos_aciertan
155,What specific change did I manage to negotiate with the assistant principal at Klein school regarding Meagan's class schedule?,multi_mensaje,350,350;452;318;841;1939,0.5009;0.5514;0.6281;0.6303;0.6324,0.5886260390281677,True,0.0,0.5009119510650635,1,1,I persuaded the assistant principal to ignore the July 22 deadline and allow Meagan to drop Physics and add a study hall.,"You managed to persuade the school to ignore the July 22 deadline to change Meagan's schedule, allowing her to drop Physics for a study hall.",ambos_aciertan
156,"What is the purpose of the two-day event scheduled for February 12th and 13th in Dallas, Texas, and who is facilitating it?",multi_mensaje,934,933;1798;43;514;1471,0.5526;0.5762;0.5803;0.5871;0.6031,0.5798555731773376,False,,,0,0,The event is an integrated design session facilitated by Cap Gemini Ernst & Young (CGEY) to complete a plan for launching a strategic commercial venture regarding mid and back office services.,"I am sorry, Sally, but the provided emails do not contain any information regarding a two-day event in Dallas, Texas, on February 12th and 13th, nor do they mention who is facilitating such an event.",ambos_fallan
157,What is the final confirmed date and time for the Talent Review Meeting mentioned by Tina Spiller?,multi_mensaje,1852,1852;1814;453;600;788,0.2887;0.3949;0.4175;0.4331;0.4385,0.39453927278518675,True,0.0,0.28871846199035645,1,1,The meeting is scheduled for November 20.,The final confirmed date for the Talent Review Meeting mentioned by Tina Spiller is November 20. Please note that the provided emails do not specify a time for this meeting.,ambos_aciertan
158,Why is the Solution Center no longer available to provide after-hours support for the Logistics team?,multi_mensaje,2112,2112;677;1664;1690;1786,0.4268;0.5661;0.5694;0.5900;0.6189,0.5542334914207458,True,0.0,0.42680686712265015,1,1,"The 7x24 team was let go during staff reductions in the first week of December, and the remaining help desk staff are not required to be on call.",The after-hours support for the Logistics team is no longer available because the 24-hour support service ended in December due to staff reductions.,ambos_aciertan
159,What specific issue am I experiencing when trying to print the headcount plan file sent by Brian Heinrich?,multi_mensaje,1293,1299;1293;1874;1869;915,0.4708;0.4781;0.5002;0.5043;0.5165,0.49398688077926634,True,1.0,0.47814345359802246,0,0,"I am only able to print one page, which does not include all of the information contained in the file.","Based on the emails provided, there is no mention of a specific issue you are experiencing while trying to print the file. The records only indicate that on May 7, 2001, you requested a printable version of the full headcount report from Brian Heinrich for immediate use.",ambos_fallan
160,Who was the individual recognized as a superstar for her efforts in securing gifts for the Office of the Chairman Holiday Assistant's Party?,multi_mensaje,791,791;965;1554;281;1367,0.3477;0.4760;0.5171;0.5278;0.5485,0.48342260122299197,True,0.0,0.3477315902709961,1,1,Heather Choate.,Heather Choate was the individual recognized for her exceptional efforts in organizing gifts for the Office of the Chairman Holiday Assistant's Party.,ambos_aciertan
161,"What specific time did I propose for a meeting on Friday, February 7th?",multi_mensaje,74,1545;700;43;91;74,0.4034;0.4284;0.4479;0.4514;0.4555,0.4373218178749084,True,4.0,0.4555402398109436,1,1,I proposed meeting at 2:00 pm.,"You proposed a meeting for 2:00 pm on Friday, February 7th.",ambos_aciertan
162,Did Fernley Dyson confirm that Mike is included on the list of key employees for London operations regarding retention?,multi_mensaje,1876,1876;141;638;1658;939,0.1870;0.4776;0.5446;0.5472;0.5573,0.46273738145828247,True,0.0,0.18703198432922363,1,1,"Yes, Fernley Dyson confirmed that they have provided a list of key employees and Mike is on that list.","Yes, you and Fernley Dyson confirmed on November 20, 2001, that Mike is included in the list of key employees for retention.",ambos_aciertan
163,What is the primary focus of the role mapping exercise between ENW and the EES Services Group that Dan Leff is leading?,multi_mensaje,1699,1699;1752;2071;1618;2179,0.1980;0.4608;0.4791;0.4992;0.5158,0.4305536985397339,True,0.0,0.19795608520507812,1,1,The primary focus is on the areas of the business managed by Beth and Evan.,The primary focus of the role mapping exercise that Dan Leff is leading is the business areas of Beth and Evan.,ambos_aciertan
164,"What is the scheduled date, time, and location for my presentation at the Global Operations Controller Forum?",multi_mensaje,516,471;516;1270;2047;517,0.5107;0.5199;0.5217;0.5255;0.5373,0.5230167746543884,True,1.0,0.5199405550956726,0,0,"The presentation is scheduled for Tuesday, October 24, 2000, at noon at The Warwick Hotel, Versailles Room, 12th Floor, 5701 Main Street, Houston, TX.","Based on the emails provided, there is no information specifying a presentation scheduled for you. The records indicate that you invited speakers to the Global Operations Controller Forum at The Warwick Hotel on October 23 and October 24, 2000, but they do not list a presentation time or location for you personally.",ambos_fallan
165,"Why was the presentation draft not circulated on Friday, April 6, 2001, and what was the revised plan for reviewing it with Andy Zipper, Ed Baughman, and Frank Vickers?",multi_mensaje,1206,1198;1279;1216;2024;2080,0.4095;0.4310;0.4753;0.5211;0.5259,0.4725795865058899,False,5.0,0.539678156375885,0,0,"I chose not to circulate it because I didn't think originators would read it over the weekend. The plan was to review the final draft with Andy Zipper on Monday, April 9, conduct test runs with Ed Baughman and Frank Vickers on Tuesday, and then circulate it to John Lavorato and the recipient.","The presentation draft was not circulated on April 6, 2001, because you were ill, which caused a delay in the review process with Andy Zipper, Ed Baughman, and Frank Vickers.

Regarding the revised plan, the offsite meeting was replaced by individual sessions with the origination heads. You planned to meet with Andy Zipper on April 11, after which you expected to share the draft with John Lavorato and the recipient.",ambos_fallan
166,"What are the dates I will be out of the office for my daughter's college visits, and who is my designated assistant for contact information?",multi_mensaje,322,1692;289;1091;1179;1187,0.5517;0.5615;0.5798;0.5802;0.5802,0.5706989526748657,False,,,0,0,"I will be out of the office from Wednesday, July 26 through Friday, July 28, 2000, and my assistant, Patti Thompson, will have my contact information.","Based on the emails provided, there is no information regarding your daughter's college visits or the dates you will be out of the office for that purpose.

Regarding your office coverage, the records indicate that you were on vacation from July 10 to July 14, 2000, and during that time, Patti Thompson was designated to handle your urgent contacts.",ambos_fallan
167,"When is the Energy Operations PRC meeting scheduled to take place in Houston, and what is the expected distribution of bonuses for the staff being reviewed?",multi_mensaje,640,1274;253;600;1270;301,0.3797;0.3868;0.4486;0.4630;0.4664,0.4288805365562439,False,5.0,0.4758336544036865,0,0,"The meeting is scheduled for Friday, December 8th, and the preferred distribution suggests that 15% of the population will not receive a bonus.","The mid-year Energy Operations PRC meeting is scheduled for June 19 at 8:00 AM. 

Regarding your question about the expected distribution of bonuses, the provided emails do not contain any information regarding bonus distributions for the staff being reviewed.",ambos_fallan
168,"What are the logistics for the meeting regarding UBS offers for employees, including the pickup location and the time frame for the event?",multi_mensaje,2208,2208;213;514;43;336,0.3942;0.5425;0.5449;0.5474;0.5551,0.5168398141860961,True,0.0,0.39421361684799194,0,1,"The meeting is for employees who have accepted or intend to accept offers. Buses will pick up from the south side of the north building between 8:30 am and 9:30 am, and the meeting will last until approximately 1 pm.","The meeting regarding the UBS offers is scheduled for January 23, 2002. It will be held in the Grand Ballroom and will feature senior management presentations and breakfast.",discrepancia
169,"What is my concern regarding the travel policy for Philippe, Beth Perlman, and Greg Piper regarding their upcoming trip to London?",multi_mensaje,1301,1301;846;121;859;2048,0.4919;0.5684;0.5692;0.6027;0.6049,0.5674322724342347,True,0.0,0.49192875623703003,0,0,"I find it hard to believe that Philippe, Beth Perlman, or Greg Piper would be expected to fly coach to London.","Based on the emails provided, there is no information regarding your concerns about a travel policy for Beth Perlman or Greg Piper, nor is there any mention of a specific trip to London involving them.

The emails only indicate that on May 7, 2001, you planned to clarify international travel rules with Philippe and Greg following the travel policy issued by Enron on May 4, 2001.",ambos_fallan
170,"What is the date, time, and location for my scheduled address to the group at the Global Operations Controller Forum?",multi_mensaje,517,471;2047;1270;517;253,0.5211;0.5389;0.5439;0.5548;0.5574,0.5432236194610596,True,3.0,0.5548417568206787,1,0,"The address is scheduled for Monday, October 23, 2000, at 8:00 am at The Warwick Hotel, Versailles Room, 12th Floor, 5701 Main Street, Houston, TX.","Your address at the Global Operations Controller Forum is scheduled for October 23, 2000, at The Warwick Hotel in Houston.",discrepancia
171,What did Scott Earnest announce regarding the management of the LNG book of business following his meeting with Jeff Shankman and Vince Kaminski?,multi_mensaje,244,244;122;502;713;292,0.2987;0.4733;0.5230;0.5513;0.5532,0.47989678382873535,True,0.0,0.2986677289009094,1,0,Scott announced that Jeff Shankman received the nod from Mark Frevert to manage the LNG book of business.,"Based on the emails provided, there is no mention of a meeting between Scott Earnest, Jeff Shankman, and Vince Kaminski. However, regarding the management of the LNG business, Scott Earnest announced on June 5, 2000, that Jeff Shankman would manage it, with approval from Mark Frevert.",discrepancia
172,"Who was the most recent addition to the list of ENW employees located in Enron Center South as of January 9, 2002?",multi_mensaje,2082,2082;1577;1963;1417;1456,0.2289;0.3301;0.3850;0.3853;0.3885,0.34356478452682493,True,0.0,0.22892451286315918,1,1,Shiela Castro in Gas Settlements.,"The most recent addition to the list of ENW employees located in Enron Center South, as of January 9, 2002, was Shiela Castro.",ambos_aciertan
173,What is my specific commitment to Rick Causey regarding the global exception report for fundamental operating standards?,multi_mensaje,2023,457;568;777;693;461,0.3381;0.3903;0.5348;0.5647;0.5656,0.47868714332580564,False,,,1,1,My commitment is to have that global report in production by the end of the year.,Your specific commitment to Rick Causey is to produce a global exception report by the end of the year 2000.,ambos_aciertan
174,"Based on the data through October 22, 2001, what impact have recent media reports had on EnronOnline derivatives trading deal counts?",multi_mensaje,1625,1625;768;783;1358;752,0.3464;0.4055;0.4238;0.4261;0.4347,0.40729823112487795,True,0.0,0.34636855125427246,1,1,There has been no drop off in deal counts executed through EnronOnline.,"Based on the data through October 22, 2001, you and Leslie Reeves confirmed that recent media reports had no impact on EnronOnline derivatives trading activity.",ambos_aciertan
175,"Who are the designated key operations contacts in the Houston office while I am working from the London office during the week of March 20, 2000?",multi_mensaje,125,11;982;124;471;2022,0.4998;0.5048;0.5206;0.5392;0.5440,0.5216943740844726,False,,,0,0,"Brenda Herod (Business Controller, Gas) and Kristin Albrecht (Business Controller, Power).","Based on the emails provided, there is no information regarding your schedule for the week of March 20, 2000, nor are there any designated key operations contacts specified for that particular timeframe.

However, for your general reference, the key Houston contacts identified in your records are Chris Abel, David Maxwell, Bob Hall, Jeff Gossett, Leslie Reeves, and Stacey White.",ambos_fallan
176,What is the purpose of the 15-minute weekly team meetings that Patti is organizing for the Operations core resource team?,multi_mensaje,1172,1172;1177;253;1061;1059,0.3510;0.3573;0.4605;0.4619;0.4918,0.42450428009033203,True,0.0,0.35103869438171387,1,1,The purpose of the meetings is to quickly prioritize tasks for the week regarding the commercialization of our services and to keep the team informed and in alignment.,The purpose of the 15-minute weekly team meetings that Patti is organizing is to prioritize commercialization tasks.,ambos_aciertan
177,"What is the status of the SAP system outage originally scheduled for the weekend of November 30, 2001?",multi_mensaje,1931,1848;1576;1495;1589;1694,0.3157;0.4220;0.4507;0.4569;0.4886,0.42678730487823485,False,10.0,0.5453475713729858,0,0,"The outage was rescheduled after consultation with HR, and the tentative future date for the outage is mid-January.","Based on the emails provided, there is no mention of an SAP system outage scheduled for the weekend of November 30, 2001.

The only scheduled outage mentioned in your records is for the weekend of November 16, 2001, when ISC planned to shut down all SAP systems from 8:00 pm CST on November 16 to 2:00 am CST on November 19 for storage hardware upgrades.",ambos_fallan
178,When is the meeting scheduled with Mark Frevert to discuss the potential formalization of a global risk management operations role?,multi_mensaje,353,1466;353;1487;1569;514,0.3211;0.3246;0.4398;0.4509;0.4513,0.3975290536880493,True,1.0,0.3245716691017151,1,0,"The meeting is scheduled for Thursday, August 17, at 11:45 in Rick Causey's office.",The meeting with Mark Frevert to formalize global risk management operations is scheduled for August 17.,discrepancia
179,"What document did I share with Elizabeth and Jim on December 20, 2001, following our meeting in Jim's office?",multi_mensaje,1980,1527;1980;2216;578;1216,0.4343;0.4695;0.4792;0.5257;0.5267,0.48706711530685426,True,1.0,0.46950650215148926,0,0,I shared a draft of the process that we had discussed during our meeting on Monday.,"Based on the emails provided, there is no information regarding a document shared with Elizabeth and Jim on December 20, 2001. The only mention of you sharing a document with them refers to a draft process discussed during your Monday meeting, but no specific date is provided for that interaction.",ambos_fallan
