id_correo,distancia_media_vecinos,std_distancia_vecinos
0,0.4905924129486084,0.0319409595715794
1,0.3869947004318237,0.045522259580956875
2,0.35445141077041625,0.01590837847887423
3,0.37087120056152345,0.025005124938656875
4,0.35412669062614444,0.039095358436933916
5,0.33797325611114504,0.026049384640166404
6,0.4581170153617859,0.032818099061093925
7,0.6183515465259553,0.041572883038953116
8,0.30855382084846494,0.03647305017297202
9,0.34793498158454894,0.05289097459449722
10,0.3731096374988556,0.05479753819484026
11,0.3649090325832367,0.049388829582524614
12,0.2748431921005249,0.028997634304337046
13,0.4979720973968506,0.029226121399282042
14,0.3466594898700714,0.029607171561382303
15,0.4712268996238709,0.021001258045818545
16,0.41288838982582093,0.018184855753681756
17,0.3977071189880371,0.09563741238181157
18,0.31860785245895384,0.028369307365388678
19,0.34956767678260803,0.029949092177799876
20,0.4601510202884674,0.024927843437872254
21,0.4006246840953827,0.03137742406700277
22,0.7131178760528565,0.04439917571942925
23,0.39915701627731326,0.038478310689089065
24,0.3852265655994415,0.03259356396480486
25,0.6720509779453278,0.029193122576358286
26,0.38833402752876284,0.019628337433814504
27,0.7319492936134339,0.04044528727252378
28,0.39408377528190613,0.030590508913184402
29,0.3868492662906647,0.04886682426654712
30,0.4811166512966156,0.028626693632344855
31,0.31820590734481813,0.051855673616133253
32,0.2891805171966553,0.03428387162815559
33,0.3853390681743622,0.021403718775052982
34,0.2304743242263794,0.028530291045283113
35,0.2987659740447998,0.04971242916269803
36,0.4398419344425201,0.02433250738243544
37,0.5066666162014007,0.04133071070645047
38,0.366900280714035,0.02055105231868027
39,0.47640430569648745,0.029012715622140795
40,0.37724520325660704,0.03231387156633304
41,0.22225600361824036,0.057730141552718224
42,0.2522701966762543,0.10265001812601142
43,0.5503105783462524,0.06650977664435816
44,0.3191425561904907,0.029760455437587038
45,0.3641762018203735,0.01946739822390867
46,0.6137028789520264,0.023784247169371924
47,0.4482043480873108,0.04413929350522059
48,0.30492207646369934,0.04431181384765893
49,0.3780382764339447,0.03979312334120308
50,0.22803764462471007,0.059151704080021725
51,0.3016282272338867,0.02513400831806145
52,0.26096804022789,0.03226718508385305
53,0.721852570772171,0.046235232353399644
54,0.29872785568237303,0.0212275734068224
55,0.2956321668624878,0.03604719317833102
56,0.3773497188091278,0.026826417323195552
57,0.41626946568489076,0.03171799020120879
58,0.4380977475643158,0.1413910342129757
59,0.3212731790542602,0.03479055358666903
60,0.32751607060432436,0.08864477115521659
61,0.5481973719596863,0.030773183573898532
62,0.4467437529563904,0.016129881127630714
63,0.2534210705757141,0.06900881342598465
64,0.22894400000572204,0.036937741035260964
65,0.302682226896286,0.02882669003481191
66,0.39654847979545593,0.027427263910736112
67,0.2522152543067932,0.06858115009132526
68,0.5091732525825501,0.03609861380965794
69,0.7493704879283904,0.04258769094660128
70,0.40034911036491394,0.027485498804620527
71,0.3867629325389862,0.028151140732501186
72,0.4443025803565979,0.03108730295742057
73,0.26104782104492186,0.03564680499871669
74,0.22513113737106324,0.03389523593291699
75,0.5217717289924622,0.1645315594244681
76,0.2395458149909973,0.0979319158756626
77,0.23489634156227113,0.08838703960060976
78,0.2395458149909973,0.0979319158756626
79,0.46228338599205016,0.044146247838184854
80,0.4629064905643463,0.029741857848701776
81,0.2469443905353546,0.06721282607125334
82,0.37964011549949644,0.03490633845286616
83,0.40965474843978883,0.03620462341177867
84,0.2962678849697113,0.03695249515932665
85,0.3481221616268158,0.032325782931487
86,0.4833438491821289,0.030467542978081366
87,0.22918837308883666,0.03128782715539546
88,0.3958311378955841,0.01823732640617769
89,0.2900752532482147,0.022027932304841943
90,0.33185031056404113,0.029854690254752767
91,0.43642899990081785,0.038725437422968585
92,0.4001947820186615,0.0838614088088445
93,0.36008166074752807,0.027899638459369023
94,0.41871060729026793,0.036727758559377204
95,0.398604474067688,0.02747783225441143
96,0.4602807474136352,0.0546548480627106
97,0.4202134728431702,0.04975249323308636
98,0.35830228447914125,0.07194928554315033
99,0.2995759117603302,0.034000114042796604
100,0.4760287356376648,0.025594824807756496
101,0.3745832395553589,0.06878222652183917
102,0.4168830394744873,0.04689643551860381
103,0.2595793855190277,0.05835081959930195
104,0.31066166162490844,0.026602252797885712
105,0.35519100904464723,0.029703537367002274
106,0.4363023853302002,0.04141255115047533
107,0.4661817789077759,0.042087279228736105
108,0.5758612740039826,0.16725791362477005
109,0.41431421399116514,0.01457063246910701
110,0.33660077810287475,0.06981111946337323
111,0.6451231896877289,0.032505426645160394
112,0.4344248712062836,0.027200173059155983
113,0.5065582704544067,0.03945097312453435
114,0.38691372036933896,0.024720349893837094
115,0.4406688642501831,0.02922932652146251
116,0.435879282951355,0.026196227829008597
117,0.3334531807899475,0.03853298925273212
118,0.3795593571662903,0.04045260527951409
119,0.33931243896484375,0.025887546070222714
120,0.34681817173957824,0.025160389723045056
121,0.41048646092414853,0.04606832267478421
122,0.43769355058670045,0.03114788225924101
123,0.3481799924373627,0.04134362303189316
124,0.4113399612903595,0.028247262906013624
125,0.26745425462722777,0.047426807656806264
126,0.2448177742958069,0.05791667842650824
127,0.4377382719516754,0.03279759888104102
128,0.22045011758804323,0.04838671537246348
129,0.40528311967849734,0.02498979415555606
130,0.49979021310806276,0.05724995380399048
131,0.36352195501327517,0.02561164849570732
132,0.25353617906570436,0.029276620295552138
133,0.34488927364349364,0.025185772549815688
134,0.39452322602272033,0.04839486295431959
135,0.40640456914901735,0.025410718044387083
136,0.4224862790107727,0.031374265296870436
137,0.4282596027851105,0.05148958327059933
138,0.49405606746673586,0.029974197184440554
139,0.38494650602340696,0.03294529144735057
140,0.27050592184066774,0.02346035395744111
141,0.5018702709674835,0.03741284739897029
142,0.32203259944915774,0.0447095074042706
143,0.2798755466938019,0.025769642313123498
144,0.5133897197246552,0.04461167148107823
145,0.7457026791572571,0.04116704960085137
146,0.4530620539188385,0.04528342049481013
147,0.30009303212165833,0.046646174018919455
148,0.4355525016784668,0.04382056456052736
149,0.43995642781257627,0.042200157555214446
150,0.43260307908058165,0.029505859797609765
151,0.3909100341796875,0.02683541477492248
152,0.4113935470581055,0.0817239132118828
153,0.3578960156440735,0.03771693561225147
154,0.25932236671447756,0.028245657345391473
155,0.36679139971733093,0.03914961355674634
156,0.3125749492645264,0.03510933302513568
157,0.45939798951148986,0.13375227541403734
158,0.4311401069164276,0.034411012817794774
159,0.290795806646347,0.060524779144596697
160,0.49367985367774964,0.03697917805559267
161,0.4468626236915588,0.03261608188169726
162,0.4602817940711975,0.02171021485628032
163,0.5366412234306336,0.023287029728729713
164,0.6096522712707519,0.08885181517874793
165,0.5225212776660919,0.03987319973004833
166,0.4687398195266724,0.04483885722497646
167,0.3697542881965637,0.030861742862865128
168,0.3222652459144592,0.03150838148117162
169,0.2899577343463898,0.01930731326309193
170,0.41490782022476197,0.04875870297740063
171,0.3857487511634827,0.023109759442331918
172,0.3409851932525635,0.026999026879774464
173,0.37343126893043516,0.03649841173849146
174,0.33187732577323914,0.03886797048690519
175,0.3353330028057098,0.0404615240046735
176,0.4462912225723267,0.03781457522963856
177,0.5565282738208771,0.05190124371911159
178,0.43483359694480894,0.04832708623279004
179,0.3979021644592285,0.02673955441684458
180,0.26252833008766174,0.0250851719701671
181,0.338381290435791,0.04958090262833801
182,0.46309287667274474,0.03835189560856058
183,0.34615069031715395,0.02742945615843622
184,0.3110008239746094,0.030884218847383002
185,0.43593519926071167,0.02078500355724376
186,0.4541392457485199,0.02597735613269218
187,0.305470724105835,0.024890756928810043
188,0.5500893473625184,0.04298655829167702
189,0.4922544026374817,0.03331196354500817
190,0.37627490520477297,0.03669397151961857
191,0.34495723247528076,0.07248453460528202
192,0.4573040914535522,0.038744298511663194
193,0.5413951730728149,0.035952449206014384
194,0.36685017943382264,0.03105039963950736
195,0.4511626589298248,0.021568044129248835
196,0.4073835468292236,0.03283743838455633
197,0.5091082537174225,0.024939026963311104
198,0.37006954550743104,0.05888960781913739
199,0.3469953846931457,0.027908803453433318
200,0.44479984521865845,0.028190125104987373
201,0.2987134766578674,0.07722926203893625
202,0.343047297000885,0.04802418501345649
203,0.32594522953033445,0.029092654260590878
204,0.5191033458709717,0.02768076970226189
205,0.4234824800491333,0.06739819495839233
206,0.5652591419219971,0.03650807647030895
207,0.511328661441803,0.030726441200794537
208,0.41847774386405945,0.02365887194887041
209,0.41442171812057493,0.05871982072065793
210,0.3130587208271027,0.0324870643158328
211,0.338253356218338,0.08966623968187727
212,0.650563839673996,0.027010567199742326
213,0.3086801040172577,0.02513252642331886
214,0.41551037311553957,0.04452971860223594
215,0.47315999507904055,0.015961993512713307
216,0.42262929916381836,0.042281824841840225
217,0.35813423156738283,0.026549265437229106
218,0.3788317084312439,0.04560515537427931
219,0.2613993561267853,0.0659891080121819
220,0.45448953747749327,0.07071772408648609
221,0.25717538118362426,0.04221087789313158
222,0.39079360127449037,0.013653586968719097
223,0.2575047826766968,0.034760040761961465
224,0.385459942817688,0.03578377650693377
225,0.476404983997345,0.022054432603013173
226,0.5118146741390228,0.038843969304692826
227,0.662589772939682,0.10897296976269032
228,0.4544297301769257,0.12458305218300085
229,0.3614073193073273,0.03637137247505649
230,0.7043260681629181,0.06080005660558888
231,0.4312559688091278,0.021273066701477553
232,0.415176305770874,0.015663146268922727
233,0.427246470451355,0.030020883223316253
234,0.40276583671569827,0.02169556616568783
235,0.6536410427093506,0.0847241180945944
236,0.3228008317947388,0.019390165804580983
237,0.379700003862381,0.021341683245968815
238,0.431833952665329,0.021681269672433678
239,0.298066771030426,0.034331167932323416
240,0.31352954745292666,0.028874136713769843
241,0.4655224919319153,0.02334692903613412
242,0.33912983298301697,0.021634913928671087
243,0.4155366826057434,0.03484360146100434
244,0.5422060942649841,0.018674946686515124
245,0.2729535698890686,0.05335724658965154
246,0.34575188636779786,0.02596493908418489
247,0.35655460000038147,0.02788193063610283
248,0.33412678122520445,0.02695350304182775
249,0.3544867277145386,0.03385380931224493
250,0.24481471180915831,0.060103758379012245
251,0.3020776474475861,0.05509350389964026
252,0.4179234254360199,0.02971951468685187
253,0.4799861800670624,0.06061774062111554
254,0.3914670741558075,0.027514751342468575
255,0.7591629564762116,0.03781446784013678
256,0.38914254665374753,0.019277647209236966
257,0.46083680391311643,0.02040260525228838
258,0.36932108163833616,0.06582956678076221
259,0.333981032371521,0.02340664985272454
260,0.4622187662124634,0.03008740439538977
261,0.26924030780792235,0.0268625094780906
262,0.44903354048728944,0.019364862583562466
263,0.39524725675582884,0.03236528144008066
264,0.3934086489677429,0.05206722284298469
265,0.359901704788208,0.02480813162323218
266,0.39666198134422304,0.03573335324292583
267,0.4085045719146729,0.0365793163314275
268,0.3297783267498016,0.025621636954504597
269,0.3589391899108887,0.06493382267169384
270,0.3332312548160553,0.042610503261011776
271,0.3562851464748383,0.030538235400343908
272,0.3344699811935425,0.027332155103425
273,0.34520427942276,0.022806849323054778
274,0.33517184257507326,0.06567220990703565
275,0.6392593812942505,0.03816542817762381
276,0.5666733992099762,0.03316635242649415
277,0.5090224146842957,0.04292456682059333
278,0.5293609583377838,0.032719176933478665
279,0.42469476103782655,0.020088554298941033
280,0.44548638582229616,0.04636346600047776
281,0.35093066096305847,0.024432998913490496
282,0.3076339840888977,0.03173593884162166
283,0.32886637091636656,0.027839156690301143
284,0.45122101068496706,0.022459038042740163
285,0.3296844053268433,0.038918243433266796
286,0.4170968055725098,0.02496966357159627
287,0.2693618977069855,0.046871949761309775
288,0.33409757137298585,0.06145041544771123
289,0.2627804386615753,0.054182941384554914
290,0.2795369231700897,0.04305749528323787
291,0.3316540729999542,0.030721812414709535
292,0.36805629849433896,0.02515415905442877
293,0.36585949182510374,0.05123387169145153
294,0.2790719246864319,0.03596306596401645
295,0.5110941731929779,0.06529332584332785
296,0.3533828055858612,0.03995320392325797
297,0.4199868893623352,0.023303025955932585
298,0.3825669515132904,0.028919686556973932
299,0.3423099827766418,0.07026917825715318
300,0.49562727093696596,0.04821130921516112
301,0.3960229682922363,0.08022356970257688
302,0.3636590003967285,0.030962068929373043
303,0.3118323600292206,0.029524833584721553
304,0.4299473583698273,0.03985388617437161
305,0.42563565373420714,0.042139735376774796
306,0.43861148357391355,0.029826108610686665
307,0.3754425752162933,0.06666911713855243
308,0.3952864944934845,0.07261057192051268
309,0.5096084368228913,0.050223468998711364
310,0.3714191508293152,0.04512807495839596
311,0.29010512709617614,0.06146952272542188
312,0.30611796855926515,0.02609047472067176
313,0.368592689037323,0.024776657203144342
314,0.3490648579597473,0.035680310709000594
315,0.755057246685028,0.04424288632108119
316,0.23757139086723328,0.047918343930947745
317,0.33867374062538147,0.029243537023969736
318,0.35591506004333495,0.059796761249077714
319,0.3946521604061127,0.04736996358812705
320,0.4377438735961914,0.055392285804916654
321,0.2797765612602234,0.03778019886765723
322,0.25734381675720214,0.053501696946787684
323,0.43374714255332947,0.0521682223137243
324,0.335015652179718,0.033647506915061964
325,0.3002052474021912,0.041755733098724816
326,0.5429710853099823,0.045838896120444395
327,0.4229340469837189,0.058794722543232494
328,0.3452843880653381,0.020190371263710812
329,0.3143925344944,0.02694344453020379
330,0.47122917413711546,0.03591475260250688
331,0.4399066722393036,0.04157941772498674
332,0.42471800208091737,0.04538497235218611
333,0.34993783593177796,0.023515719765511443
334,0.4927378582954407,0.3335764502263679
335,0.5509448254108429,0.036347634682789697
336,0.26693153381347656,0.03199491798903754
337,0.5110373365879058,0.05028868457382181
338,0.43465803742408754,0.03612763313305088
339,0.42741573572158814,0.03282723709984635
340,0.3541440057754517,0.03251277962582947
341,0.49200660943984986,0.029296673223053335
342,0.4341570770740509,0.019988017736751833
343,0.31994919061660765,0.020656127937566094
344,0.38909220695495605,0.021993394135420622
345,0.44432600498199465,0.05567180922930833
346,0.46474933981895444,0.06117545291117522
347,0.3961514568328857,0.028379380731169156
348,0.492038369178772,0.05432933619380712
349,0.3909402322769165,0.043798987496282006
350,0.49725564241409304,0.050182157128403806
351,0.5166067337989807,0.03181259315051863
352,0.26083501100540163,0.03237442022616046
353,0.3621201944351196,0.03264504767314922
354,0.4496322023868561,0.03020778427182873
355,0.3663481569290161,0.029585245711178203
356,0.34133805632591246,0.023296443776325077
357,0.32525893926620486,0.02446716819289967
358,0.41240696668624877,0.04316049219773766
359,0.4108379948139191,0.02548061309045489
360,0.34505834460258483,0.032863272839468514
361,0.3884619033336639,0.041133413229821635
362,0.4150431251525879,0.04453332860209054
363,0.378299218416214,0.02554721960380269
364,0.47868177890777586,0.029691728222413127
365,0.46225380778312686,0.03401067367181645
366,0.5348791217803955,0.05332837016311121
367,0.4630380511283875,0.02892303716911416
368,0.34811461448669434,0.0246275048400447
369,0.28345432996749875,0.04477358199608128
370,0.4379912042617798,0.045164265799815355
371,0.3310438334941864,0.09220007270725661
372,0.4764151668548584,0.03399009021751603
373,0.4210871481895447,0.02894025814990282
374,0.42387556433677676,0.05370821155807204
375,0.42862800240516663,0.021560686352760036
376,0.385076709985733,0.044642677492756855
377,0.3985902178287506,0.06686443155163638
378,0.5514387881755829,0.04358858483361256
379,0.357163233757019,0.026496999345787912
380,0.36723955273628234,0.02038270624561786
381,0.42545816421508786,0.0263532596974042
382,0.3209562075138092,0.019750386120462166
383,0.4703789091110229,0.017387245909856543
384,0.21067620038986207,0.035332356543779184
385,0.4450282871723175,0.027547608485768572
386,0.3367234790325165,0.03193437152961537
387,0.2773582088947296,0.04672056894609172
388,0.41604422926902773,0.029383986316872956
389,0.3512078082561493,0.027332796453246957
390,0.41601105451583864,0.020793481988086598
391,0.3760698986053467,0.0700676283995571
392,0.42644309759140014,0.03258929075659265
393,0.34247698545455935,0.03547706312522527
394,0.3967853879928589,0.023407154566797025
395,0.38590235233306885,0.06565194920760517
396,0.3670970904827118,0.02837580928029235
397,0.46572069883346556,0.03298685242907014
398,0.7510909867286683,0.015530548288916477
399,0.5211228704452515,0.11259630648610727
400,0.4058672535419464,0.03806200347360632
401,0.4419675803184509,0.03982242069272026
402,0.3405362582206726,0.038253517178240146
403,0.395200856924057,0.0689043857069346
404,0.46698698997497556,0.017653810784042337
405,0.5286527514457703,0.024959139422501966
406,0.36091436743736266,0.03901524919829929
407,0.3870032393932343,0.03285320838854225
408,0.30411893367767334,0.043528848196364205
409,0.44988373398780823,0.038070642233748626
410,0.44504245281219484,0.018469023203395826
411,0.4492110085487366,0.033279218480427905
412,0.39389979004859926,0.061957929764505246
413,0.5308029913902282,0.16298681393500844
414,0.3434914779663086,0.03379420380790844
415,0.4468548345565796,0.06265002320474669
416,0.29487943053245547,0.02769357474572535
417,0.39305554986000063,0.07726989671748659
418,0.3630185377597809,0.024700447532202695
419,0.39260321378707885,0.022229558004227
420,0.34228578686714173,0.07732186252680388
421,0.4108567690849304,0.04237639352768477
422,0.3368830120563507,0.040154221718313496
423,0.31360646843910217,0.03111128089589943
424,0.3530053961277008,0.02640412907469758
425,0.31187618970870973,0.02419054367892619
426,0.23490816473960877,0.025548646083820854
427,0.313066303730011,0.02509086044600431
428,0.3001614308357239,0.04077855761186941
429,0.36608606338500976,0.02916142675565796
430,0.28560394287109375,0.02706891300943773
431,0.3969496810436249,0.022197519684893596
432,0.3796566450595856,0.020982605727764676
433,0.39189340353012087,0.039733944386477066
434,0.37853758692741396,0.05311437428574461
435,0.4788412618637085,0.03136996584062233
436,0.36680655121803285,0.020968754648036554
437,0.43505709409713744,0.023032104970828256
438,0.4130852651596069,0.023217676213015435
439,0.3597882843017578,0.061772445062123704
440,0.3447799801826477,0.026140097347327747
441,0.3771983754634857,0.04918414778528785
442,0.3848702788352966,0.049441781935988374
443,0.5088731002807617,0.029664630949393787
444,0.4714025366306305,0.049569025600349384
445,0.5015413832664489,0.021805346460132914
446,0.42059488415718077,0.025573864396836763
447,0.4829587328433991,0.03558458428873843
448,0.45042417764663695,0.03159600986965774
449,0.3273213279247284,0.022781174148138274
450,0.28630721688270566,0.04711236718645458
451,0.3657524025440216,0.030881618083649226
452,0.3770312976837158,0.041307805156285994
453,0.3009444093704224,0.0337687905121866
454,0.50892098903656,0.06142935311506293
455,0.4362810254096985,0.06479110517629084
456,0.4159872531890869,0.031166985342528312
457,0.44399025917053225,0.029188770844340142
458,0.4648566210269928,0.03476069649297482
459,0.5117524325847626,0.1216617149646858
460,0.43057095289230346,0.036514131065526936
461,0.5157278192043304,0.043654166187010957
462,0.3987117326259613,0.039867988040144964
463,0.4342400872707367,0.02557109598275367
464,0.30381336212158205,0.027920264302339185
465,0.3948377382755279,0.020056167698667138
466,0.37980087399482726,0.030366858777352266
467,0.4808808481693268,0.03643293007386638
468,0.27697696805000305,0.042987599909448865
469,0.3909211850166321,0.026471419812687892
470,0.5261231148242951,0.032697492408026205
471,0.439597510099411,0.03868266420587308
472,0.4115460777282715,0.028095728033671358
473,0.5089605796337128,0.03222835160460743
474,0.7591603767871856,0.056979882740216314
475,0.3832458710670471,0.10160901898417674
476,0.610562607049942,0.04313744832864888
477,0.7243335282802582,0.03391429950878661
478,0.3614931786060333,0.03599473010173053
479,0.6207668542861938,0.06873429442744475
480,0.4117219126224518,0.05074211931210367
481,0.5004857945442199,0.04486058161556477
482,0.37803380727767943,0.05993742164521725
483,0.3854750072956085,0.05992172969629881
484,0.4148175835609436,0.1009457113335995
485,0.2550975370407105,0.032544895527152604
486,0.2831532406806946,0.025274356137132067
487,0.5218898928165436,0.031234934898766192
488,0.34221323251724245,0.026502223857766214
489,0.3690107202529907,0.028334371287117032
490,0.37148959159851075,0.02723596765008788
491,0.37856564998626707,0.030288707682466717
492,0.36503859639167785,0.027816622662640546
493,0.3469293832778931,0.020809267146897324
494,0.41955999135971067,0.03895828300946924
495,0.34436203598976134,0.030847732327893677
496,0.3425959730148315,0.0328882830070738
497,0.21738141059875488,0.03747752989535675
498,0.5013881933689117,0.043581349376819845
499,0.32103875279426575,0.044446078456267996
500,0.3217781162261963,0.0243347000815241
501,0.36088181734085084,0.03611706682745958
502,0.3509348440170288,0.022019986928351616
503,0.44662864089012144,0.02272501978221518
504,0.32485909581184386,0.03725018688644328
505,0.42207224369049073,0.0579107158543496
506,0.5264854121208191,0.06726992662492248
507,0.2855180549621582,0.031182666314466385
508,0.24744200587272644,0.05903305539906015
509,0.25939487099647524,0.03701225744754759
510,0.36107663869857787,0.0218131284061098
511,0.42401012778282166,0.022713352658997033
512,0.30128941893577577,0.02943858450781772
513,0.29550187826156615,0.06462724089796924
514,0.3782468867301941,0.04830524819741283
515,0.33186476945877075,0.02211339101968675
516,0.3835365164279938,0.0598011261745577
517,0.3934075903892517,0.07661137511791369
518,0.36074046611785887,0.027427853188878124
519,0.3854388165473938,0.07610648162090068
520,0.46295961022377013,0.0393483431854445
521,0.4191635870933533,0.026085318851635723
522,0.3876096785068512,0.036699585051615184
523,0.436488721370697,0.023898439353787344
524,0.3637056028842926,0.034303371726106396
525,0.24901071310043335,0.029215873460009457
526,0.31488460540771485,0.02451521732418459
527,0.36502178192138673,0.020049352053096728
528,0.43399974822998044,0.018562227897590766
529,0.335600266456604,0.03125841946209291
530,0.510482007265091,0.045809521482059294
531,0.29138736009597777,0.041135198833621246
532,0.37668367981910705,0.0342172126172295
533,0.4187563502788544,0.03745935148472616
534,0.37520127892494204,0.06929685193768283
535,0.33024540305137634,0.019663582434436392
536,0.3296478545665741,0.028137900833621644
537,0.37587791442871094,0.05459250928854239
538,0.3950177371501923,0.04423050577413566
539,0.5340642201900482,0.028779443504477774
540,0.3078773808479309,0.03165534523364234
541,0.39048568725585936,0.055342584164074025
542,0.40051631808280946,0.029879594008414282
543,0.368292715549469,0.024959937054641005
544,0.2534034836292267,0.03442714932937017
545,0.4915238344669342,0.03773117091257812
546,0.38127758741378787,0.0281876469348599
547,0.3063352286815643,0.044674631998036535
548,0.3857112193107605,0.023133587205626735
549,0.3789072489738464,0.05493633547050583
550,0.3307142150402069,0.04427254712574875
551,0.7047625195980072,0.03875895319489719
552,0.28270871758460997,0.0265626577993973
553,0.6942685461044311,0.02927951247553011
554,0.4651461684703827,0.031254841283723495
555,0.44483439445495604,0.024149702900135364
556,0.38406208634376526,0.026323133482834313
557,0.4848581922054291,0.05050738138193343
558,0.45029512643814085,0.01984184522714205
559,0.497524493932724,0.057529135094713184
560,0.6509087109565734,0.029336797054592585
561,0.45157281756401063,0.037315399312721015
562,0.6406650543212891,0.029532069467745465
563,0.65106271982193,0.031194584034289364
564,0.24280788540840148,0.043996699040458276
565,0.27639233231544497,0.0244033637858527
566,0.6030934536457062,0.019207747667054475
567,0.61427698969841,0.036299010661407394
568,0.5528294181823731,0.0547604021309069
569,0.7292975914478302,0.03446666219117913
570,0.5062086164951325,0.09588254062937145
571,0.2586738896369934,0.02563758999631059
572,0.5341899132728577,0.1759650407423666
573,0.6238051462173462,0.028600807273694056
574,0.5531063354015351,0.07053071552220999
575,0.6370071375370026,0.06155908640155098
576,0.5109105575084686,0.05835426588253903
577,0.6355303657054902,0.034454015803901505
578,0.4961281681060791,0.02257247410989405
579,0.6337222242355347,0.040740584401311376
580,0.4096133029460907,0.024689741962162656
581,0.6296102964878082,0.03602271849943244
582,0.5468283581733704,0.025278496980953965
583,0.6079868054389954,0.05381904584853039
584,0.5659269237518311,0.09102734728847882
585,0.5353872418403626,0.031386036878105095
586,0.661331114768982,0.11761365810470822
587,0.38821504831314085,0.0555310627446789
588,0.3082327783107758,0.049897455946658474
589,0.3930878698825836,0.03277494793174068
590,0.5313525104522705,0.025396739190469777
591,0.29919912219047545,0.03731784493705982
592,0.5392191064357758,0.02401400296676362
593,0.5083682298660278,0.02336342797470857
594,0.5371362519264221,0.053574172374466565
595,0.6078317821025848,0.04778854269491647
596,0.6986260950565338,0.02177219533167624
597,0.6760008561611176,0.030102583638015525
598,0.6081091725826263,0.06329190466886393
599,0.6185128605365753,0.04538303023011425
600,0.38961201906204224,0.08124232316930487
601,0.504704167842865,0.033858075640301924
602,0.3101911783218384,0.02982317160494766
603,0.6784439563751221,0.03247175413667846
604,0.4258798587322235,0.027406354131145342
605,0.562836457490921,0.040955005317700015
606,0.567854905128479,0.0580080684405576
607,0.6779912972450256,0.026831071387990117
608,0.712485283613205,0.04480334052504207
609,0.5858692407608033,0.07808331067999011
610,0.755483660697937,0.022830947582910772
611,0.5656302428245544,0.06876773206770725
612,0.4982443404197693,0.042915156842441564
613,0.52275541305542,0.04739858569762441
614,0.6228005754947662,0.029929770286214217
615,0.5926285862922669,0.026525212514006
616,0.5754492044448852,0.03898788459710696
617,0.5890947437286377,0.03740597464440211
618,0.6003757321834564,0.1061715926807566
619,0.624833664894104,0.050607125659176966
620,0.5253365921974182,0.273865939382581
621,0.5211055719852448,0.05712941010485635
622,0.4576758599281311,0.0319955133805682
623,0.5253365921974182,0.273865939382581
624,0.46348786234855655,0.056607285238689804
625,0.34037816286087036,0.04276507255298535
626,0.2761538887023926,0.03196797933223482
627,0.24040461897850038,0.047525571156523255
628,0.280733106136322,0.032844743230164425
629,0.42408849239349367,0.035713396440430485
630,0.29926881194114685,0.06314533235169707
631,0.272819367647171,0.05814887938643304
632,0.49334354639053346,0.09628001268963192
633,0.5958649194240571,0.03687066797321777
634,0.6683804273605347,0.04721622337766569
635,0.38486522912979126,0.03666187031615777
636,0.4048419749736786,0.023406634668659936
637,0.4530276072025299,0.026992446573548663
638,0.41852781414985657,0.02740617162006045
639,0.3218805193901062,0.05255661617057243
640,0.32979548573493955,0.05120074867022807
641,0.25227275133132937,0.051947662069668894
642,0.40479199767112733,0.022506829314569692
643,0.2918376338481903,0.04090778757146722
644,0.39823134541511535,0.03287965354759245
645,0.7189966523647309,0.04633339863980894
646,0.4437908148765564,0.050740870780456845
647,0.3966526532173157,0.05041784930250332
648,0.35350373029708865,0.029935478698255438
649,0.41700022339820864,0.025847739596522687
650,0.5194158518314361,0.03598481197795973
651,0.28993465900421145,0.028556467377115844
652,0.3579629909992218,0.02184875759764561
653,0.3501935648918152,0.04506211042587896
654,0.42556716442108156,0.01598781040009249
655,0.4191461730003357,0.024900277832946037
656,0.464693056344986,0.06083738293465508
657,0.45800479292869567,0.06021264450142351
658,0.6062984323501587,0.02456774316450662
659,0.6272937047481537,0.03610460686692705
660,0.708329690694809,0.04007494946702829
661,0.3829411256313324,0.029663419843924916
662,0.6162722933292389,0.1083815137227038
663,0.3557510840892792,0.039151004123957896
664,0.719091409444809,0.028677918431883546
665,0.5916960418224335,0.038408821776105787
666,0.3980818831920624,0.027100441997033077
667,0.6208760225772858,0.037064746109461526
668,0.5705637049674988,0.06818903076280322
669,0.545649573802948,0.07933972937424383
670,0.637953349351883,0.03756722513912215
671,0.6070689368247986,0.02862743349775254
672,0.727867443561554,0.03070910960837986
673,0.6071042335033416,0.11931827710106568
674,0.6300516152381896,0.029946167685982343
675,0.3284800136089325,0.02962990880141869
676,0.5700775456428527,0.03614177745291992
677,0.5430867540836334,0.03904289152714093
678,0.5240176928043365,0.07623941266795126
679,0.5843574965000152,0.04315133519106089
680,0.6739549577236176,0.04753253644832872
681,0.5186503779888153,0.03225880690592008
682,0.6160114777088165,0.031217616202503892
683,0.6883006286621094,0.026911835302779828
684,0.562132043838501,0.030808258901622254
685,0.4927378582954407,0.3335764502263679
686,0.4638959038257599,0.09275978646884388
687,0.340936222076416,0.045456371457746655
688,0.5113613128662109,0.06921490931893788
689,0.6045331156253815,0.06791386815162444
690,0.5785192573070526,0.04070808372753202
691,0.6102393925189972,0.038644274526576684
692,0.32320565581321714,0.0230744088574338
693,0.5223500502109527,0.028095153424107587
694,0.5557161855697632,0.05305613609637477
695,0.6011915934085846,0.024827054950104437
696,0.6221726441383362,0.04500821668891102
697,0.4995747911930084,0.04174596738046593
698,0.6016333937644959,0.03642440094935193
699,0.6678969895839691,0.07245630074090006
700,0.29608572959899904,0.042164030090843185
701,0.5598836314678192,0.07607362265023913
702,0.7260736656188965,0.04287554070557934
703,0.5074763655662536,0.02801064917499387
704,0.5448036742210388,0.0385790958085764
705,0.6034832763671875,0.04530430506612892
706,0.33993014574050906,0.03523102930864224
707,0.7985598385334015,0.05613609179080179
708,0.7126038408279419,0.05644553193603857
709,0.2820125579833984,0.03569439287374364
710,0.6687953519821167,0.09238568808169288
711,0.5092263185977935,0.04261542739990386
712,0.6170466113090515,0.04167543869512807
713,0.636654452085495,0.0506339394693127
714,0.6529090213775635,0.02523928754735474
715,0.48152205944061277,0.05138240082019429
716,0.6182139039039611,0.030185547841992746
717,0.5806213021278381,0.03755636599120405
718,0.5973732531070709,0.03775408960126921
719,0.5930514216423035,0.06407177347190145
720,0.33131476283073424,0.03603884003902058
721,0.424870707988739,0.04371763266826606
722,0.36260995507240296,0.030165068363187497
723,0.6205149877071381,0.030523314065880974
724,0.627863712310791,0.07789973528912522
725,0.6460437178611755,0.029934209742805636
726,0.5626459419727325,0.027783782259179178
727,0.6534243476390839,0.04027928170687436
728,0.5566423273086548,0.04491075796416845
729,0.5103178143501281,0.09010598136892296
730,0.5896175169944763,0.11968394824593824
731,0.5682891964912414,0.03966000644006902
732,0.5211006987094879,0.020986637161793595
733,0.5108027577400207,0.02764887903487847
734,0.6085095274448394,0.11792751323415226
735,0.628626573085785,0.04238070519439636
736,0.5884330284595489,0.04896596609712479
737,0.522671856880188,0.04269909193789177
738,0.6457044613361359,0.04881680779790819
739,0.5613405406475067,0.028761713354690927
740,0.4815587389469147,0.024285135276824365
741,0.728193324804306,0.02728609124053633
742,0.5455844950675964,0.03522202670027921
743,0.4376881515979767,0.02566727189503548
744,0.3677998960018158,0.01986359506770172
745,0.37579598784446716,0.026593040195099584
746,0.5722326099872589,0.07262489893663698
747,0.34891451358795167,0.03227107790410263
748,0.4894163620471954,0.03793217760392441
749,0.5226169979572296,0.05735342362928735
750,0.7193195605278015,0.055510542100242144
751,0.4103874182701111,0.06392809976467348
752,0.5400284862518311,0.11665292131638419
753,0.5315667819976807,0.08242578711415594
754,0.5870739901065827,0.0727170505620035
755,0.48190906047821047,0.02875773799283077
756,0.6542104649543762,0.11389127258079226
757,0.5978846228122712,0.03873785656466525
758,0.6294658660888672,0.051559549268128994
759,0.6916607165336609,0.028454070112572276
760,0.5649623453617096,0.05522335833477258
761,0.6309406960010528,0.07029900713486396
762,0.6177302312850952,0.05867879610021339
763,0.5263204979896545,0.05863914061264122
764,0.6265914404392242,0.06541115552618586
765,0.6016036498546601,0.07908625265325202
766,0.6052561676502228,0.057753761594523376
767,0.6054523944854736,0.049957425567004755
768,0.5458645224571228,0.12377949593566233
769,0.48002630829811094,0.028032638384648458
770,0.5299111187458039,0.024600386420945152
771,0.6581211745738983,0.06048688167623069
772,0.6728188073635102,0.13770346274526082
773,0.6183818936347961,0.027848275024491755
774,0.6741476690769196,0.07035223729648998
775,0.4628991937637329,0.06040622468177763
776,0.6346338570117951,0.05269653252855139
777,0.5417282330989838,0.05722564890335239
778,0.5634968876838684,0.05907825731176415
779,0.5372202217578887,0.052832604559862835
780,0.5358444488048554,0.031011480288572393
781,0.6455288219451905,0.0665404901666853
782,0.5541337072849274,0.029946516838784767
783,0.551975725889206,0.11437387242816711
784,0.5589148628711701,0.10195267969534291
785,0.6208029079437256,0.053190238361180704
786,0.5560870718955994,0.0360855454417852
787,0.5236372590065003,0.025698616303844794
788,0.46506138682365417,0.0656693110447484
789,0.6550379228591919,0.03972410287661895
790,0.5602228832244873,0.05678893815819302
791,0.5486143171787262,0.020928469677056128
792,0.4744152188301086,0.02064957333643844
793,0.35472567081451417,0.04737848495529739
794,0.5317472803592682,0.020919901765408557
795,0.48343793511390687,0.017318274515478637
796,0.26808499336242675,0.029573801457886628
797,0.34833640336990357,0.030906049369695557
798,0.5141474962234497,0.029501351710170223
799,0.40699718236923216,0.048005408703121935
800,0.3415668594837189,0.0417099937406639
801,0.43105966567993165,0.029839817121781805
802,0.2674468231201172,0.05912318472200666
803,0.3170386481285095,0.026465888841777235
804,0.49495606184005736,0.043721411970083966
805,0.5124333429336548,0.026679505411773816
806,0.481265230178833,0.038609139309091295
807,0.43064592480659486,0.04841488126763976
808,0.4504575443267822,0.057690435326728205
809,0.38532987475395203,0.027584211300998786
810,0.45926508426666257,0.043353514009438945
811,0.3345381557941437,0.04473511119339947
812,0.3514189636707306,0.03938002987867198
813,0.3476025390625,0.022146331286638208
814,0.4874157929420471,0.026484448808823884
815,0.44245423674583434,0.02249582719553813
816,0.3776318717002869,0.033838106037289796
817,0.5818749260902405,0.0806516191361775
818,0.45865204334259035,0.02163754442807254
819,0.32952932238578797,0.025236470803345998
820,0.41368611097335817,0.025766364788625724
821,0.3979333794116974,0.02804231260253376
822,0.41633552074432373,0.02439076932423007
823,0.4087769019603729,0.023006791316838006
824,0.37066599130630495,0.03484893805760929
825,0.2777604401111603,0.053053320096276085
826,0.31435017704963686,0.03239536373949769
827,0.27791916131973265,0.031225240427938717
828,0.2890628886222839,0.024415755649699236
829,0.5007714605331421,0.04149627468303958
830,0.3448520874977112,0.025869458410717788
831,0.4012024748325348,0.041061363094177995
832,0.3261227571964264,0.027095575444212355
833,0.4315588331222534,0.03177113269959826
834,0.34718829035758975,0.04156571419018392
835,0.3572909140586853,0.06768751619325941
836,0.32329546332359316,0.05077532706498067
837,0.28731490969657897,0.04711585754025914
838,0.27118180751800536,0.046384843070024655
839,0.7525265610218048,0.03734136850265423
840,0.38648674726486204,0.04601196134475802
841,0.39334033727645873,0.05458248169682389
842,0.3660012865066528,0.03397689211019172
843,0.3572909140586853,0.06768751619325941
844,0.4231871223449707,0.047914109075905834
845,0.25614668369293214,0.05522728500752754
846,0.3388357675075531,0.026991875268627133
847,0.47456383109092715,0.03158851343860522
848,0.5134973013401032,0.063007998115807
849,0.3643074893951416,0.02901535523452926
850,0.2674272513389587,0.03336344092978453
851,0.38336055874824526,0.02738055312105744
852,0.3089889359474182,0.03458861703275145
853,0.3828321385383606,0.02160331686912261
854,0.7668502819538117,0.06753580395171475
855,0.5108045744895935,0.042807388549816194
856,0.39241581320762636,0.03507452617312201
857,0.32149604439735413,0.028533509109486144
858,0.35541000485420227,0.024729614574864837
859,0.35377575397491456,0.023173931006305097
860,0.40051997303962705,0.04245706173687667
861,0.31373936891555787,0.05516914608606773
862,0.32378689050674436,0.03185436862824577
863,0.4269077801704407,0.03152196103397535
864,0.3383991026878357,0.03794105741678036
865,0.3531972634792328,0.017270148695187823
866,0.3006303560733795,0.03507295169392558
867,0.34070621609687807,0.030743962232827073
868,0.4392908334732056,0.022963244614302793
869,0.424116222858429,0.021390799113525608
870,0.2764988672733307,0.025805028632221408
871,0.3717547428607941,0.030796631986198985
872,0.4397301948070526,0.04559400103268677
873,0.3093470191955566,0.02338086560583149
874,0.28677618861198423,0.042620864327537
875,0.2894282591342926,0.08270340909485865
876,0.2901924693584442,0.0905501395826721
877,0.30647594928741456,0.03019176626899158
878,0.24359840512275696,0.07555749373317466
879,0.2464979422092438,0.09994600311250054
880,0.2464979422092438,0.09994600311250054
881,0.35277490854263305,0.0277248836991753
882,0.3206919372081757,0.05244229994425414
883,0.2835525381565094,0.035421180433189134
884,0.27741220831871033,0.03138168497169059
885,0.4028724157810211,0.032057913749115846
886,0.2872598278522491,0.09010572980899992
887,0.22812843441963196,0.06241833684516341
888,0.22812843441963196,0.06241833684516341
889,0.37587965607643126,0.03786114129920481
890,0.4478888869285583,0.1499468711132052
891,0.30218321561813355,0.0412447918435627
892,0.2832595694065094,0.03756925168608208
893,0.42692859053611754,0.03229306087090247
894,0.4050752007961273,0.029941519452490448
895,0.3936823630332947,0.025046188521277695
896,0.3314135193824768,0.024947107756216162
897,0.48700759053230286,0.1192346218144228
898,0.35357463598251343,0.02939099868121583
899,0.3555650222301483,0.03610268933990119
900,0.5458079826831818,0.12183490399781068
901,0.5103022944927216,0.016415084965492592
902,0.32740640997886655,0.04277371388010272
903,0.40374881148338315,0.046011234356968106
904,0.49155833005905153,0.024630907024673312
905,0.305670462846756,0.02465320231890124
906,0.3356404733657837,0.041147327278477405
907,0.33504013657569887,0.0861532496493196
908,0.4358333420753479,0.030050535437321415
909,0.35943599939346316,0.02316616327917415
910,0.4656780481338501,0.12423591745842037
911,0.4387922775745392,0.029018669874754925
912,0.35021063446998596,0.01854944688720143
913,0.35414973020553586,0.0271185337906832
914,0.35165507793426515,0.03256127781376791
915,0.4617442238330841,0.017870137118323075
916,0.5424717497825623,0.11427702193465879
917,0.40183653712272643,0.021022825167708467
918,0.42721143245697024,0.028881108251484596
919,0.5222701215744019,0.04930354152930925
920,0.5641608238220215,0.044670596937040834
921,0.31740890502929686,0.044105614182710806
922,0.2915317153930664,0.0665720751033841
923,0.4159559428691864,0.022213234649550863
924,0.6994350862503051,0.04922185463623779
925,0.4478888869285583,0.1499468711132052
926,0.44460104703903197,0.024665159584603163
927,0.41908485054969785,0.028068709988890415
928,0.5298763513565063,0.04533975903485464
929,0.3333651614189148,0.04532745796249532
930,0.35021721601486205,0.032999796818916786
931,0.4478888869285583,0.1499468711132052
932,0.3537108302116394,0.02778214454386183
933,0.5790694200992584,0.09799419935529836
934,0.4317005252838135,0.01788220338267519
935,0.5201832151412964,0.02585477809712062
936,0.42735090613365173,0.028114179804738994
937,0.30250449538230895,0.037545076905650024
938,0.43870576977729797,0.09148120634949831
939,0.4919612777233124,0.045706888747894574
940,0.36800877809524535,0.046034299296168806
941,0.3908859574794769,0.03329051308000855
942,0.41453864216804504,0.10781560687840945
943,0.3765109121799469,0.03545353117403787
944,0.32180132389068605,0.034753635818027456
945,0.36525211453437806,0.03206172477521782
946,0.3552703380584717,0.03682171984437606
947,0.4502891516685486,0.04138425774334262
948,0.5380985164642333,0.03715605635369999
949,0.7932395958900451,0.0351447866457839
950,0.31811883449554446,0.022033524500100897
951,0.3153416621685028,0.031199528905877082
952,0.3470229840278625,0.043214172770226815
953,0.39861962795257566,0.027858149941124462
954,0.27207970261573794,0.030590655379590933
955,0.49403563618659974,0.05290569205410586
956,0.4668752336502075,0.04860847515565031
957,0.3618785834312439,0.024580958911103852
958,0.29809146881103515,0.027658107651590328
959,0.348691588640213,0.05000973177500498
960,0.34112837314605715,0.038984982025824226
961,0.40595096349716187,0.026958116137044772
962,0.3217501556873322,0.034153826720353046
963,0.3581379437446594,0.03982787856110139
964,0.3748553693294525,0.03687545339110826
965,0.4078434658050537,0.0435050946213628
966,0.4927378582954407,0.3335764502263679
967,0.4208372151851654,0.01955758256305588
968,0.33030102133750916,0.03638391828714076
969,0.3448689079284668,0.0820968656765583
970,0.3983483076095581,0.024651665035927656
971,0.3139488172531128,0.022980132832720965
972,0.41243929028511045,0.03482306289651403
973,0.3299282705783844,0.07475017836047843
974,0.5078022801876068,0.05690929789628875
975,0.31540809988975527,0.019746033320208786
976,0.29048478960990903,0.03363428178942758
977,0.3142638039588928,0.027458267853425537
978,0.3520927810668945,0.04317924884345598
979,0.48502023339271544,0.028712647950383502
980,0.3537060534954071,0.024102103344740045
981,0.615744332075119,0.12181295465263785
982,0.3363431668281555,0.054573173047345776
983,0.47240018367767334,0.041668846565694674
984,0.2648604452610016,0.026903381059355268
985,0.41711453557014466,0.02493789475749883
986,0.3289729428291321,0.08515297548580004
987,0.48353762745857237,0.17330810617448497
988,0.24924960017204284,0.050020583305776974
989,0.2697154092788696,0.04458163270760408
990,0.44166728138923644,0.04191461536529524
991,0.3125221216678619,0.03687096251576083
992,0.7269217145442962,0.017412168062285814
993,0.4088725066184998,0.021738757220353296
994,0.38049920201301574,0.021329749101115736
995,0.37029172539710997,0.026093162223169434
996,0.28951016426086423,0.04244062427685405
997,0.4953775882720947,0.03542067427130575
998,0.4856032955646515,0.04192946437067702
999,0.4086686623096466,0.027996368958826963
1000,0.5686804211139679,0.11325228583967167
1001,0.2613220489025116,0.023624788068560783
1002,0.3578439247608185,0.034220529568084364
1003,0.4083036744594574,0.03761062230190976
1004,0.3986160230636597,0.031777823332504375
1005,0.32768532514572146,0.029308598304788536
1006,0.24870120525360107,0.046161316809375325
1007,0.30152955174446106,0.04058821789422856
1008,0.26993223905563357,0.060615091368224155
1009,0.49430089592933657,0.05868418332107183
1010,0.5051307225227356,0.04932855114736399
1011,0.5318662822246552,0.04147989737786865
1012,0.5947715461254119,0.06149688352324629
1013,0.45352708697319033,0.027853325569093465
1014,0.4388767766952515,0.028971400318540466
1015,0.45334718823432923,0.05175092649686326
1016,0.38775408148765567,0.03803318097474674
1017,0.2778134095668793,0.05851825690040449
1018,0.5123009502887725,0.05821739701415533
1019,0.3445961809158325,0.04482077169354933
1020,0.4920678150653839,0.021998612890519704
1021,0.4555261981487274,0.023736344078797194
1022,0.584231972694397,0.04117643888958018
1023,0.33989099860191346,0.020732454239644437
1024,0.5257346856594086,0.025577759509728463
1025,0.2784928345680237,0.030510880446154222
1026,0.2877666187286377,0.029840783694818965
1027,0.7100468027591705,0.041089422969627545
1028,0.33057473063468934,0.0136563189297888
1029,0.33257359623908994,0.030930214794846055
1030,0.48149296164512634,0.15354054378456958
1031,0.46588671922683716,0.03555004714141818
1032,0.41365453839302063,0.02851110311633317
1033,0.2878455007076263,0.05498861382227357
1034,0.350514200925827,0.016179879407577945
1035,0.3518376123905182,0.03487847527762581
1036,0.35373255491256717,0.024062105468402643
1037,0.26288240432739257,0.045624445998818285
1038,0.3789904201030731,0.026318299829713544
1039,0.22438154220581055,0.04417687560039651
1040,0.3932120633125305,0.03165023305265569
1041,0.48427756428718566,0.030602077104291685
1042,0.3734609973430634,0.05498600605432431
1043,0.35953079104423524,0.019745861161331694
1044,0.41363555550575254,0.03528186541800061
1045,0.5258343374729156,0.05292121266619515
1046,0.3481651782989502,0.03564080478805404
1047,0.30926832914352415,0.05350531954989349
1048,0.28392363905906676,0.05939407389550986
1049,0.2312035882472992,0.03374241115950757
1050,0.39135335803031923,0.031202886164219623
1051,0.2725657272338867,0.050398012038387424
1052,0.41339154124259947,0.04521926924125901
1053,0.3705875074863434,0.025640547160429746
1054,0.2719096088409424,0.034813912288341374
1055,0.34265902161598205,0.026797197506237363
1056,0.49598833560943606,0.280316561453223
1057,0.4147559404373169,0.022924062346887143
1058,0.34807003259658814,0.06076453057380115
1059,0.4773724150657654,0.06706614703987943
1060,0.3465616047382355,0.06579095882264789
1061,0.49064544439315794,0.06789659457109645
1062,0.35331191539764406,0.05322372584974323
1063,0.26122066855430603,0.03924492097009441
1064,0.576656014919281,0.08428765954388362
1065,0.2943906497955322,0.05446014319512304
1066,0.2649248695373535,0.04024353324463434
1067,0.5892031574249268,0.08773700115047192
1068,0.2943906497955322,0.05446014319512304
1069,0.32611052751541136,0.04508262059988987
1070,0.3571756589412689,0.04632555555069178
1071,0.40737358927726747,0.05278350400661033
1072,0.30974149584770205,0.025586654127808632
1073,0.3615210521221161,0.046868987715868914
1074,0.3972575116157532,0.05249830494188251
1075,0.4360340070724487,0.053355462558565575
1076,0.3296412181854248,0.027023036555372176
1077,0.3301010072231293,0.058646113626627396
1078,0.3900611329078674,0.06433085704860705
1079,0.29037961483001706,0.05165414713834269
1080,0.31713814854621886,0.05888004755795537
1081,0.38346664667129515,0.0632792038221399
1082,0.29006445288658145,0.05154063724484516
1083,0.2995769274234772,0.05100745870715359
1084,0.40707027554512026,0.0428265677561112
1085,0.3392669022083282,0.05519434166336136
1086,0.4502825689315796,0.05958922506422859
1087,0.535929936170578,0.08699253266055702
1088,0.7026686263084412,0.11283924312629214
1089,0.42986860871315,0.04387427591977851
1090,0.2995769274234772,0.05100745870715359
1091,0.31657597184181213,0.029052675028728266
1092,0.3565411984920502,0.05999094424628047
1093,0.46139150857925415,0.06185950364184158
1094,0.5285097181797027,0.08634420193650971
1095,0.7026686263084412,0.11283924312629214
1096,0.4750638115406036,0.052014869449300206
1097,0.5099615383148194,0.0628098177361529
1098,0.383139785528183,0.06659972382438704
1099,0.4065296018123627,0.05330123074574483
1100,0.37790191531181333,0.05223650037357973
1101,0.4219996321201325,0.04260129478510002
1102,0.3769515883922577,0.0653462270065275
1103,0.398023487329483,0.05305690011072094
1104,0.34770788431167604,0.04758022196966342
1105,0.7617955660820007,0.11481520189390525
1106,0.32150182127952576,0.05297480427882384
1107,0.5560930502414704,0.18125225585487403
1108,0.2869783055782318,0.044514640703657786
1109,0.29788377285003664,0.04133144739936419
1110,0.2970743453502655,0.04813210827038433
1111,0.4385693883895874,0.059416148392901394
1112,0.5592055058479309,0.06175223954698738
1113,0.7617955660820007,0.11481520189390525
1114,0.32150182127952576,0.05297480427882384
1115,0.5560930502414704,0.18125225585487403
1116,0.2685993301868439,0.04523880889753864
1117,0.39603775143623354,0.0402257932449512
1118,0.3068056666851044,0.047357539275412704
1119,0.4715573942661285,0.06865764550103486
1120,0.6380615460872651,0.044907763231261257
1121,0.5194797670841217,0.06172877814404268
1122,0.25076993942260745,0.045890428638058305
1123,0.33523910760879516,0.04252685038854623
1124,0.522218086719513,0.05369071496942701
1125,0.3586639642715454,0.06145587549740538
1126,0.32292341113090517,0.03938780015181952
1127,0.4659241127967835,0.07206559452454846
1128,0.4494995105266571,0.027813104179799597
1129,0.5376642739772797,0.07606523133174833
1130,0.377943149805069,0.044484116633776105
1131,0.40750941157341003,0.09197233539572172
1132,0.41750949501991275,0.09334452370596899
1133,0.35311134219169615,0.05711271989766441
1134,0.3701210045814514,0.055816651555825124
1135,0.556048938035965,0.061747109168546165
1136,0.39991204023361204,0.05871234919646424
1137,0.25076993942260745,0.045890428638058305
1138,0.33734763503074644,0.0555457247938887
1139,0.4863535141944885,0.04992421931276773
1140,0.3615169620513916,0.06448235476236522
1141,0.44289466857910154,0.031596771632081716
1142,0.39258822441101077,0.05428631924926813
1143,0.4659241127967835,0.07206559452454846
1144,0.2606569790840149,0.03249655043397209
1145,0.48671950817108156,0.06848659897593014
1146,0.38889296889305114,0.04917534947866608
1147,0.4141667449474335,0.09159768166745853
1148,0.36333166718482973,0.05766850170595145
1149,0.3459067177772522,0.048008688466025864
1150,0.5136689937114716,0.06089135909159101
1151,0.42025145649909973,0.06365696534244678
1152,0.35398990750312803,0.04432107806224235
1153,0.5394303202629089,0.19195383906461988
1154,0.5079785549640655,0.12210888102934837
1155,0.4861404299736023,0.1114130976819317
1156,0.7435278642177582,0.04933515564083481
1157,0.36303576588630676,0.07893582820800947
1158,0.36804526329040527,0.07860459279639309
1159,0.5764307355880738,0.12056687843039272
1160,0.36689228177070615,0.04664207452277633
1161,0.5394303202629089,0.19195383906461988
1162,0.5093323159217834,0.1218858341737641
1163,0.48433884382247927,0.11115425675484655
1164,0.35631837844848635,0.0319946859906884
1165,0.3879436409473419,0.08341799640709159
1166,0.32601892709732055,0.035692851613067615
1167,0.5805893242359161,0.1045202592965912
1168,0.5867439830303192,0.061153958989511155
1169,0.40530154466629026,0.0475616677002587
1170,0.3703339672088623,0.0429229743143383
1171,0.3649607837200165,0.056115549594276934
1172,0.3317930495738983,0.05579137611467814
1173,0.31035932660102844,0.029259822856374736
1174,0.3825481498241425,0.04540256618720637
1175,0.3842488384246826,0.046092033852724174
1176,0.379832364320755,0.058447875668488684
1177,0.36063005685806276,0.05931326900831304
1178,0.35475707054138184,0.07765881465720942
1179,0.2773541033267975,0.057804137303327285
1180,0.4339332413673401,0.06592573753084749
1181,0.3257980751991272,0.04988582686185488
1182,0.4736246597766876,0.07746749858684124
1183,0.46501944184303284,0.07894171698318482
1184,0.36904154062271116,0.057986959923517795
1185,0.4244935774803162,0.07330328050179089
1186,0.3630299174785614,0.0530506329220616
1187,0.2773541033267975,0.057804137303327285
1188,0.4246650373935699,0.06361484477632239
1189,0.3247828233242035,0.04976738471184507
1190,0.49538843989372255,0.07743875603875425
1191,0.3796653354167938,0.10409060132408232
1192,0.46291562080383303,0.07840351366152555
1193,0.3712689185142517,0.060253981127067556
1194,0.43257606983184815,0.06918599425821724
1195,0.5928870928287506,0.035443325553292306
1196,0.5021320486068725,0.06581279997146337
1197,0.5763123118877411,0.08025300245542523
1198,0.3829742968082428,0.028936669234213213
1199,0.2774303066730499,0.03722453764248616
1200,0.374691504240036,0.04599155408962018
1201,0.22499650835990906,0.029375394358420435
1202,0.5984332799911499,0.18369020971971411
1203,0.3070747208595276,0.05002031868115541
1204,0.47892738461494444,0.06401080841747078
1205,0.5612004554271698,0.07766126878980413
1206,0.3940809738636017,0.04312772395018016
1207,0.7672203063964844,0.05882892241899706
1208,0.408067524433136,0.05258057151429032
1209,0.2307223927974701,0.030096473105187687
1210,0.5984332799911499,0.18369020971971411
1211,0.30751177430152893,0.05010863818618511
1212,0.5542526733875275,0.05104276302832227
1213,0.37614904284477235,0.056871446129116716
1214,0.37296005129814147,0.05846395037694819
1215,0.3946977639198303,0.06310003375236503
1216,0.4831562900543213,0.05892614207201419
1217,0.39648141980171203,0.062492947256547596
1218,0.3509495794773102,0.038561638361254535
1219,0.3621263146400452,0.05534044558794504
1220,0.2740175986289978,0.03514113830884719
1221,0.3356341528892517,0.04363593081387996
1222,0.45185553550720214,0.06546950677651371
1223,0.410551586151123,0.059888454332625234
1224,0.33818108558654786,0.031464460662382
1225,0.3219682002067566,0.048342499553950466
1226,0.41188059210777284,0.05843335527495024
1227,0.45699484705924986,0.057837545373139836
1228,0.4477008306980133,0.051710535872408175
1229,0.6924790704250335,0.02389265516284003
1230,0.6066750454902649,0.023457587137060865
1231,0.5087899482250213,0.06569280723047974
1232,0.4435346436500549,0.05066016967158863
1233,0.4637965750694275,0.038816287070942826
1234,0.34079393148422243,0.036376156008086885
1235,0.24951923608779908,0.0482227041573574
1236,0.2947243320941925,0.06664330294847261
1237,0.5841410267353058,0.07823210611559703
1238,0.37247449040412905,0.056060872350098045
1239,0.48362314581871035,0.09279432392874636
1240,0.3345735502243042,0.04031965271864889
1241,0.2542711412906647,0.04908653932712835
1242,0.2947243320941925,0.06664330294847261
1243,0.37310539960861205,0.053706313877356554
1244,0.547485408782959,0.044875773133072144
1245,0.6510930252075195,0.12115986078623497
1246,0.3641757953166962,0.05185680985155654
1247,0.34013688802719116,0.04726742886123806
1248,0.356433219909668,0.030897835873942094
1249,0.3352876627445221,0.05145231558741736
1250,0.4770587360858917,0.024173137917491164
1251,0.4927378582954407,0.3335764502263679
1252,0.39736125826835633,0.030910557732871942
1253,0.6408116924762726,0.11644865790289298
1254,0.31903608798980715,0.046568065035486404
1255,0.3760664486885071,0.050991536788024795
1256,0.32878398299217226,0.02556320948634051
1257,0.3557601571083069,0.05158961807146968
1258,0.5202362203598022,0.028194180558633847
1259,0.3578497850894928,0.023309099009798676
1260,0.3635724210739136,0.02901178796042358
1261,0.5712607777118683,0.049078124059688165
1262,0.47399377822875977,0.029584771686226488
1263,0.4927378582954407,0.3335764502263679
1264,0.4254004693031311,0.02971002314997737
1265,0.33214341521263124,0.04395350891790421
1266,0.6018063318729401,0.13374568667373907
1267,0.3702178156375885,0.020415692223797962
1268,0.4353125202655792,0.022427290494160267
1269,0.5970711159706116,0.19338739764625967
1270,0.43108686089515685,0.06470111007735761
1271,0.3052999019622803,0.0498126799949128
1272,0.6479902768135071,0.04184025462923958
1273,0.5055602753162384,0.026638431524956253
1274,0.35254544973373414,0.053205363795522376
1275,0.4215024387836456,0.03832893401145477
1276,0.3830819261074066,0.02585208686636297
1277,0.5344335305690765,0.22039164508758013
1278,0.45876256465911863,0.04000316494537294
1279,0.4589911448955536,0.03472976106128513
1280,0.550795829296112,0.031077617405837598
1281,0.5301627230644226,0.03468315060118406
1282,0.5413242483139038,0.02481053760675925
1283,0.3516358828544617,0.02796288317771945
1284,0.5639304661750794,0.04010457587227322
1285,0.6473473370075226,0.04202542201441675
1286,0.6726659762859345,0.04427880555512457
1287,0.2818117344379425,0.02474002166346592
1288,0.6055629813671112,0.06614422649092894
1289,0.5308207857608795,0.036750509170090616
1290,0.5881103503704072,0.04412956973632981
1291,0.5169669759273529,0.022782684565524437
1292,0.49598833560943606,0.280316561453223
1293,0.4856670260429382,0.05078445257588425
1294,0.6214256370067597,0.023680195091766915
1295,0.408324373960495,0.05709527758215611
1296,0.5938498640060424,0.023127448149926007
1297,0.5326240801811218,0.023527032230171132
1298,0.5812418472766876,0.026857748227309627
1299,0.4837584805488586,0.057305897335525435
1300,0.29795547008514406,0.023699003414323544
1301,0.4656731271743774,0.028677884803011647
1302,0.5090950763225556,0.036083717211493026
1303,0.36606656908988955,0.032047967362778554
1304,0.5524153530597686,0.039086227498444086
1305,0.5128402602672577,0.02694284753410832
1306,0.4432698655128479,0.027510101386305986
1307,0.6185285842418671,0.04825569151845539
1308,0.5430585312843322,0.04901455508111912
1309,0.46167532205581663,0.03867315293036868
1310,0.723330260515213,0.025435540692632902
1311,0.5989698016643524,0.044429559358351814
1312,0.5961758887767792,0.025392901398580983
1313,0.6422376465797425,0.036796235560239775
1314,0.44673262000083924,0.011733601786627789
1315,0.5902365458011627,0.051867186328119035
1316,0.6281086897850037,0.026965558698456713
1317,0.2935257828235626,0.03407375717182824
1318,0.420850385427475,0.024525588903016527
1319,0.561859768629074,0.03739490886497357
1320,0.614353539943695,0.05184002502893487
1321,0.43765976548194885,0.042236023518163565
1322,0.5702264022827148,0.04550199845648865
1323,0.6880659902095795,0.04946077233064154
1324,0.5110255861282349,0.0392868418353762
1325,0.5319920063018799,0.06891376448273089
1326,0.5594555926322937,0.2115185344192871
1327,0.5594555926322937,0.2115185344192871
1328,0.475165114402771,0.05322053926414095
1329,0.5594555926322937,0.2115185344192871
1330,0.5594555926322937,0.2115185344192871
1331,0.4927378582954407,0.3335764502263679
1332,0.5170847809314728,0.03372198413992717
1333,0.6102265727519989,0.032105034363345525
1334,0.5515753865242005,0.02142279847553571
1335,0.6567528414726257,0.031150294606810992
1336,0.5891815197467803,0.020951239949939457
1337,0.5966852939128876,0.0396661965562857
1338,0.6023532605171203,0.04017447731670123
1339,0.5254850208759307,0.045207508794172915
1340,0.6686506021022797,0.033580371962654204
1341,0.41355556607246396,0.04801065288455249
1342,0.31048744678497314,0.03000809919163936
1343,0.3376748239994049,0.035513031453528285
1344,0.4491797208786011,0.044020259930771556
1345,0.4927378582954407,0.3335764502263679
1346,0.3436359345912933,0.0209067622691465
1347,0.5976493406295776,0.13440874212361267
1348,0.3891353499889374,0.030445553142960595
1349,0.5029285275936126,0.057305340775090204
1350,0.3564886951446533,0.05101068889799328
1351,0.3265713834762573,0.035190178703547396
1352,0.4053761541843414,0.04080946451624321
1353,0.2986115288734436,0.0619926144352783
1354,0.3371537399291992,0.08192437688624972
1355,0.6096661603450775,0.03778583453170087
1356,0.5175319147109986,0.03336267928379837
1357,0.5105491042137146,0.035940241532661614
1358,0.5470133256912232,0.044171392034022906
1359,0.5192629945278168,0.03373758350701976
1360,0.4478546226024628,0.0233432635985423
1361,0.6699516689777374,0.04219670773122198
1362,0.5965132308006287,0.040913995534576975
1363,0.6271582567691802,0.038361126793800084
1364,0.5383301639556884,0.06583577049836334
1365,0.5583743393421173,0.022971084184319344
1366,0.5498830020427704,0.03579295308957926
1367,0.34412490010261537,0.02167416186822277
1368,0.31994153261184693,0.03539999202819014
1369,0.32581688404083253,0.03717730016794869
1370,0.2988762998580933,0.03282439821680224
1371,0.6424837100505829,0.058852737841660174
1372,0.608490184545517,0.08041796973486036
1373,0.4763299310207367,0.04308231752843327
1374,0.720377860069275,0.02595786643934591
1375,0.316171772480011,0.022253180312081594
1376,0.591515235900879,0.04587044963463051
1377,0.5189037895202637,0.1765482724256891
1378,0.5367402839660644,0.04459937175337676
1379,0.5767563617229462,0.05583161836395861
1380,0.40515880584716796,0.03522252918944384
1381,0.5000943982601166,0.03870758558585466
1382,0.5525877249240875,0.04754677129478473
1383,0.5409204602241516,0.052235829791311535
1384,0.5643360102176667,0.04085390063111777
1385,0.5601082932949066,0.04853166128998527
1386,0.4629977071285248,0.03275125145339333
1387,0.6759315264225007,0.03569859869225681
1388,0.7158236801624298,0.04842346569257974
1389,0.5937761330604553,0.02395142508387216
1390,0.7777946305274963,0.03233000823325267
1391,0.5207628917694092,0.05312094780436623
1392,0.7808419585227966,0.0335448818318193
1393,0.5979953300952912,0.0457104810886431
1394,0.5077568435668945,0.03065066928421045
1395,0.6374779057502746,0.03597871673484516
1396,0.6565794765949249,0.029698312278179397
1397,0.5282318913936614,0.1798905097887924
1398,0.6736820530891419,0.03398249709915401
1399,0.44940522193908694,0.037224435020611506
1400,0.305652996301651,0.02927664043357883
1401,0.43245789885520936,0.019517427414662933
1402,0.4112279665470123,0.02671894151193136
1403,0.4864289391040802,0.08692599097059822
1404,0.7252777588367462,0.04536858336700727
1405,0.5937934446334839,0.08704173990552021
1406,0.4796389377117157,0.04076669839259354
1407,0.4448274958133698,0.024758919972169877
1408,0.44939391255378724,0.03856477043525009
1409,0.2821801209449768,0.04111692113168873
1410,0.546683623790741,0.0539591906544439
1411,0.4602440917491913,0.04795893094994869
1412,0.47048828125,0.10363353501343583
1413,0.4645385420322418,0.11277339474924392
1414,0.5973264133930206,0.027908912205768053
1415,0.5254598593711853,0.08272074885204933
1416,0.4524954104423523,0.03124366094810038
1417,0.383497062921524,0.09315535840989222
1418,0.6160542321205139,0.062270866433438425
1419,0.5955668842792511,0.01649543218940674
1420,0.6728188073635102,0.13770346274526082
1421,0.6140152442455292,0.03868922125117096
1422,0.5475174069404602,0.08446971968349574
1423,0.6254221391677857,0.06151203060989371
1424,0.5169164836406708,0.04350621276428654
1425,0.5809202980995178,0.02661385427821364
1426,0.5185030007362366,0.030703000029093572
1427,0.56772376537323,0.07998405337878595
1428,0.6126383507251739,0.026336656208975188
1429,0.45713669776916505,0.020472799435058156
1430,0.32607797026634217,0.03131089193341333
1431,0.3462865364551544,0.038658700073679574
1432,0.400538364648819,0.01875863735852214
1433,0.48353762745857237,0.17330810617448497
1434,0.4927378582954407,0.3335764502263679
1435,0.36251418590545653,0.030497993573003365
1436,0.3924886405467987,0.05168225400101268
1437,0.41924468517303465,0.03727719807031542
1438,0.5458597457408905,0.023489499940801704
1439,0.5678940987586976,0.06582115101730839
1440,0.34078591942787173,0.025002803555814926
1441,0.3869308531284332,0.04494859016043675
1442,0.48764442205429076,0.04509353662932859
1443,0.4673268485069275,0.06136769320559051
1444,0.5290824353694916,0.02505442186154833
1445,0.34178293466567994,0.035094960323324396
1446,0.3984090304374695,0.01923774325220658
1447,0.6295601522922516,0.033035606731423584
1448,0.5846245503425598,0.026465663389127515
1449,0.46743336915969846,0.08879070580747692
1450,0.46626662731170654,0.11239261853131846
1451,0.47869435548782346,0.03133931921395566
1452,0.4990253841876984,0.06189296828165781
1453,0.4023798060417175,0.017948466758048245
1454,0.5314522564411164,0.02640606921798436
1455,0.4365421092510223,0.041868092202520905
1456,0.38296356201171877,0.08931068983188699
1457,0.6579015183448792,0.039708351332127884
1458,0.6410682630538941,0.031548591733849676
1459,0.6049014389514923,0.026396791058907493
1460,0.4784836041927338,0.0184486608428501
1461,0.6155461037158966,0.02869219607834996
1462,0.5300671648979187,0.09313687029419873
1463,0.6121616661548615,0.17478248270217334
1464,0.46015299439430235,0.06603449845812577
1465,0.47075057864189146,0.02711444039672285
1466,0.48180914759635923,0.055285417209857114
1467,0.45795799732208253,0.03822831231169648
1468,0.5854331421852111,0.03285559496225718
1469,0.4895456349849701,0.06758478604011922
1470,0.4341442537307739,0.06590073987817513
1471,0.5525267064571381,0.029335753466284146
1472,0.5819079768657685,0.04836189017343514
1473,0.6154553389549255,0.04327287417252157
1474,0.4876565980911255,0.02568553873143259
1475,0.5910292112827301,0.040679506352805636
1476,0.5360272681713104,0.05324848895006901
1477,0.5206475341320038,0.04758370647735293
1478,0.5994997620582581,0.03657716397156371
1479,0.5803366327285766,0.027770998790937945
1480,0.640075091123581,0.025504134301770547
1481,0.5389187657833099,0.050151035541769765
1482,0.6004878687858581,0.052905899771257946
1483,0.45635280609130857,0.09071445987538106
1484,0.6120105016231537,0.031148215198238224
1485,0.6934287774562836,0.027107666848617453
1486,0.5799479866027832,0.10527845801483876
1487,0.5400909733772278,0.08308218384797908
1488,0.6015170288085937,0.03438612010406372
1489,0.5621372163295746,0.04172696407583162
1490,0.49159037947654727,0.03766000078311417
1491,0.5693135035037994,0.06723414054997087
1492,0.7356873452663422,0.031003048915250957
1493,0.5127865314483643,0.06027430081948737
1494,0.5225415623188019,0.08557963138405761
1495,0.5249570071697235,0.04163605860639578
1496,0.4927378582954407,0.3335764502263679
1497,0.6005472779273987,0.04490712436573984
1498,0.6513895559310913,0.03528887444114035
1499,0.5824277758598327,0.029599135265043548
1500,0.4101723575592041,0.06643081499805888
1501,0.43450645804405214,0.033181362291168706
1502,0.3555294632911682,0.06194173326772982
1503,0.4290621709823608,0.031996416288169495
1504,0.6370252811908722,0.04002658692964008
1505,0.469407342672348,0.037029433046541015
1506,0.4936486542224884,0.026751505298260474
1507,0.3820140874385834,0.025490828101558723
1508,0.5668509590625763,0.02587902482856047
1509,0.4068927359580994,0.02654908849914683
1510,0.5145280206203461,0.019822070885850227
1511,0.3779404425621033,0.030827747304513074
1512,0.3001368701457977,0.01883779339538448
1513,0.33178956031799317,0.04723378270172132
1514,0.5944616341590881,0.12881709559798074
1515,0.5493857419490814,0.029381234560460743
1516,0.3176848244667053,0.03464395522846825
1517,0.33611554741859434,0.028922274901270983
1518,0.3418681025505066,0.02462164341128026
1519,0.4270106017589569,0.023133028576650175
1520,0.4998194396495819,0.12722976481679502
1521,0.5945536589622498,0.06317577211891862
1522,0.4588932240009308,0.055566081767573716
1523,0.35591211438179016,0.027187484369482623
1524,0.29675962090492247,0.018354194997616504
1525,0.6978282988071441,0.039920718933310256
1526,0.4660295283794403,0.03963000753135203
1527,0.31434718012809754,0.024719682609433167
1528,0.3125246524810791,0.04177121929505122
1529,0.30046209692955017,0.05842729102588199
1530,0.4960350000858307,0.12126284967918627
1531,0.2965287947654724,0.03472143976021491
1532,0.2549878394603729,0.05361300778171576
1533,0.28862386345863345,0.027044039840970004
1534,0.31267488956451417,0.02252412232190038
1535,0.40754576563835143,0.021890603768591848
1536,0.5435163402557373,0.09777390852083383
1537,0.5138488614559173,0.032970591713644325
1538,0.4674122643470764,0.020674418997063355
1539,0.4552458536624908,0.036414195206466715
1540,0.5806710541248321,0.03367541729078431
1541,0.49394842982292175,0.03590685787579019
1542,0.3658057475090027,0.02077002332904247
1543,0.46873111128807066,0.05184094076483448
1544,0.3556798005104065,0.03389288757327811
1545,0.2928677725791931,0.03987597244000265
1546,0.328155380487442,0.018896979152841463
1547,0.354062123298645,0.021400879743061436
1548,0.6022413635253906,0.03721720756244564
1549,0.49958777785301206,0.03117402555786324
1550,0.5235543978214264,0.037942562621888797
1551,0.5938873374462128,0.02916845234455359
1552,0.37573678612709044,0.07134404018343059
1553,0.27414769291877744,0.05239159519859452
1554,0.35594576835632324,0.05518031993215344
1555,0.4293369209766388,0.03913963236658404
1556,0.3492343246936798,0.07133210049297968
1557,0.3507855033874512,0.024767305685691795
1558,0.38720944404602053,0.03405198429933458
1559,0.3173841643333435,0.03134361143567023
1560,0.44933802843093873,0.028842566664259817
1561,0.6990596437454224,0.03109071057589909
1562,0.3659975779056549,0.022865700232711998
1563,0.3734131908416748,0.026539666592583333
1564,0.6267644321918487,0.03782456369881695
1565,0.32935178875923155,0.07564242255711029
1566,0.3576019835472107,0.026577943319337296
1567,0.44288675785064696,0.026734688349266594
1568,0.26606147170066835,0.03757390244284947
1569,0.47656495094299317,0.05183637169070961
1570,0.34868655204772947,0.06791129646559957
1571,0.5139505219459534,0.033731214577846697
1572,0.411030615568161,0.022743280017947502
1573,0.5484151470661164,0.03853530773295334
1574,0.5558980822563171,0.042922919534988745
1575,0.3568576669692993,0.04637401181708082
1576,0.6006267309188843,0.09305158228444295
1577,0.5116095530986786,0.03334285502927843
1578,0.6287308001518249,0.024983578309850516
1579,0.46428316116333007,0.02740066805452478
1580,0.478257600069046,0.036339636945108764
1581,0.4426742899417877,0.021757953580461266
1582,0.2837308895587921,0.02872034979987612
1583,0.6311450767517089,0.027957056638980467
1584,0.5186684501171112,0.05701090818083171
1585,0.5630555868148803,0.046051133310310674
1586,0.4706544899940491,0.03561667494618474
1587,0.5523229885101318,0.053589165334836035
1588,0.584869590997696,0.05711553631153446
1589,0.5420089256763458,0.035145390597387416
1590,0.5116405034065247,0.04248585062951653
1591,0.6648848521709442,0.034516819819139524
1592,0.501078577041626,0.03431742299869729
1593,0.5291276836395263,0.05065201341932214
1594,0.5842138302326202,0.08535148693498527
1595,0.5783231854438782,0.03542618927676794
1596,0.7077548551559448,0.11987717641753019
1597,0.3338073897361755,0.05442022587575758
1598,0.7232655596733093,0.05172622255235627
1599,0.6680160582065582,0.051855069123767666
1600,0.6113658928871155,0.04362070212583411
1601,0.3977129101753235,0.02277634741398564
1602,0.3252093195915222,0.026244593642152036
1603,0.7726162481307983,0.028655713568261
1604,0.44188333630561827,0.030563709707756247
1605,0.6399123787879943,0.05708946206201797
1606,0.29847625851631165,0.02702907280771752
1607,0.4105736541748047,0.026259926505268406
1608,0.3629929268360138,0.016945156742603003
1609,0.3886053729057312,0.0434844220922865
1610,0.4120570516586304,0.025170159888718926
1611,0.5040359580516816,0.12616521361615288
1612,0.4785234665870666,0.0903332331322968
1613,0.6211525356769562,0.034341420204860675
1614,0.6206277298927307,0.050403172998118334
1615,0.6850705575942994,0.0232635580429631
1616,0.5117844402790069,0.017914211225974464
1617,0.38462987303733825,0.030633127507866374
1618,0.34811118721961976,0.043666732752064605
1619,0.43432015538215635,0.031875046395754045
1620,0.42580545544624326,0.030675809562313583
1621,0.6216007530689239,0.03845941455701713
1622,0.38592438340187074,0.01628948897179089
1623,0.6757323551177978,0.03333687602960042
1624,0.5383813631534576,0.03379045584623141
1625,0.6003686487674713,0.03078889309013047
1626,0.4286245918273926,0.020287212330759457
1627,0.5767891323566436,0.028315164811778308
1628,0.5843322014808655,0.028488004500759796
1629,0.533742619752884,0.0659703672775632
1630,0.4679799818992615,0.022398351475961965
1631,0.42731643676757813,0.032340117345746384
1632,0.23373813748359681,0.024365316432599406
1633,0.5767971014976502,0.0765863755516172
1634,0.39493335247039796,0.07098424319056226
1635,0.34299654364585874,0.034469736550087095
1636,0.28807291865348816,0.04993394104776057
1637,0.6064248132705689,0.06582945911358215
1638,0.5870172655582429,0.05848084364214374
1639,0.4667615973949432,0.02094368425247061
1640,0.4048854064941406,0.05153943527787685
1641,0.4313254177570343,0.061032705978469035
1642,0.4242095196247101,0.05266739257881139
1643,0.6171487414836884,0.02530334427203429
1644,0.39431351542472837,0.02873821774291945
1645,0.43756296634674074,0.06277755753420436
1646,0.5496064817905426,0.058975766306167604
1647,0.6163619148731232,0.022738871596674464
1648,0.6177665209770202,0.029880159032956086
1649,0.6556670677661895,0.08337764988116583
1650,0.6039062321186066,0.06595469054571208
1651,0.518264456987381,0.30593005537195445
1652,0.45586880326271056,0.08025087582352189
1653,0.347491979598999,0.0552377899351203
1654,0.6011579346656799,0.08066743228766438
1655,0.26872707962989806,0.023634441417383065
1656,0.4555039930343628,0.025165685933215765
1657,0.37804824352264405,0.032728469485225745
1658,0.5671188867092133,0.06636507892605381
1659,0.4421212935447693,0.05503921592183924
1660,0.3533815634250641,0.04042502408882574
1661,0.599794636964798,0.056320706847528046
1662,0.513568844795227,0.06427344152829473
1663,0.5690049993991851,0.03660454502524092
1664,0.4038664019107819,0.026895850249556937
1665,0.3574408757686615,0.026011325405778857
1666,0.5382743859291077,0.026323688388346603
1667,0.3555888628959656,0.01739161918946793
1668,0.23910398840904235,0.03563032944033204
1669,0.30202900767326357,0.04905080374948447
1670,0.39340818047523496,0.029075938358827314
1671,0.43552366018295285,0.04316624908305058
1672,0.33168243646621703,0.029642137575303797
1673,0.3477732253074646,0.06661864446021998
1674,0.3700311291217804,0.04502146684243191
1675,0.29978915333747863,0.06065852530129835
1676,0.34319305419921875,0.0291306078389286
1677,0.7165256524085999,0.025717522486195625
1678,0.36359801173210143,0.02319643816090506
1679,0.3190668272972107,0.05464427550612309
1680,0.38096187472343446,0.10237216400475599
1681,0.38433998107910156,0.020601206026032923
1682,0.3453976130485535,0.03458797501970112
1683,0.42708353042602537,0.03106626033536943
1684,0.507418487071991,0.04885572887978164
1685,0.5361763179302216,0.05551933897506741
1686,0.5122891402244568,0.03384257504672223
1687,0.6427267658710479,0.034504606198710035
1688,0.5635967564582824,0.04299898459361723
1689,0.5609113252162934,0.024692448492940732
1690,0.5671631836891174,0.03725125048146309
1691,0.551120148897171,0.06000723196087904
1692,0.38376180291175843,0.027519193759753553
1693,0.5379631066322327,0.0404223188999373
1694,0.5530133092403412,0.07991669973123974
1695,0.38765920877456667,0.02453616432401477
1696,0.523479083776474,0.09701545198769103
1697,0.5151634967327118,0.03758218601882225
1698,0.4615568399429321,0.020036216579056004
1699,0.5373709619045257,0.0354417479577224
1700,0.6659840619564057,0.02494520582584391
1701,0.4884794211387634,0.025233989307830804
1702,0.5818292760848999,0.030584924848698437
1703,0.5465074574947357,0.023852571657399766
1704,0.49886088728904726,0.019812987417063416
1705,0.412288955450058,0.027592511710240495
1706,0.38769339203834535,0.06551338425415666
1707,0.5185786592960357,0.06542878264707375
1708,0.37447612643241884,0.07023189457907314
1709,0.4557803761959076,0.034166417968955386
1710,0.3361233115196228,0.05474117606116581
1711,0.5480695009231568,0.10960129205944055
1712,0.4686571455001831,0.019976124558333447
1713,0.5140766942501068,0.02497897665229727
1714,0.5239185416698455,0.0274202495089364
1715,0.6283494532108307,0.018907141998124544
1716,0.566111159324646,0.051600501515747486
1717,0.6465275180339813,0.029883092635115616
1718,0.5292193377017975,0.043989562253190964
1719,0.5712585568428039,0.07353656114279891
1720,0.3419307589530945,0.020107853890343443
1721,0.5187135577201843,0.03380029820778535
1722,0.5568413484096527,0.04290091493377758
1723,0.6834858238697052,0.04348845509117387
1724,0.5871663451194763,0.03858120010756342
1725,0.6196845889091491,0.056526054162319934
1726,0.5991347432136536,0.049950586956666765
1727,0.641785786151886,0.03761023844628206
1728,0.5265415096282959,0.023199959611587377
1729,0.6659734785556793,0.028697366785877216
1730,0.35466467261314394,0.04642939803050069
1731,0.38019529104232785,0.02989237633031441
1732,0.6109423613548279,0.03199621070620999
1733,0.2943557357788086,0.03451131615489388
1734,0.5508778369426728,0.042626535065537624
1735,0.5066418874263764,0.06043444428916441
1736,0.6717031478881836,0.042655654022620795
1737,0.30701349139213563,0.03582377862674425
1738,0.5247570037841797,0.02837387792287972
1739,0.6942691504955292,0.037649361318597266
1740,0.6548530006408692,0.023667171849598417
1741,0.4969832181930542,0.031398113997922084
1742,0.6908360552787781,0.07707376209349569
1743,0.6632528650760651,0.02875171787629873
1744,0.42751842737197876,0.02462626753627556
1745,0.6467382991313935,0.05557640330292179
1746,0.7850689494609833,0.04773954084686
1747,0.5718564641475677,0.03116908772624942
1748,0.46224783420562743,0.039439410784903865
1749,0.5693291640281677,0.036088835749174104
1750,0.27215398907661437,0.02997926079405856
1751,0.534841593503952,0.025138581906059356
1752,0.52947669506073,0.049394430634648406
1753,0.5258221697807312,0.0316072452702915
1754,0.5547261428833008,0.04415711245972391
1755,0.524954229593277,0.03291852810547277
1756,0.3878487980365753,0.016767383948185426
1757,0.5279482686519623,0.02430176433400594
1758,0.6262952768802643,0.19744352830753575
1759,0.5349504029750825,0.09606151715996418
1760,0.2677994155883789,0.029768901125254273
1761,0.5091434144973754,0.0422688949086973
1762,0.36752237677574157,0.052487375511653674
1763,0.6381714642047882,0.042603212291927726
1764,0.45504034638404844,0.09004621278639445
1765,0.7056146371364593,0.08706783046392548
1766,0.6028274798393249,0.020612043180156393
1767,0.40901819467544553,0.018390865443878048
1768,0.4571968352794647,0.0793357153884434
1769,0.540798795223236,0.14931303562853365
1770,0.37748257398605345,0.02992035039465628
1771,0.4570231223106384,0.027038460076235046
1772,0.40452192664146425,0.025043107009547427
1773,0.5135544729232788,0.03385197889280828
1774,0.3743164563179016,0.04265938105796667
1775,0.5612271761894226,0.04879558775086045
1776,0.5867390692234039,0.044229477105985696
1777,0.5650649702548981,0.0331975736474134
1778,0.4562587285041809,0.01822702181194709
1779,0.5364522111415863,0.023604595251283424
1780,0.49145574688911436,0.09037260110011702
1781,0.42792253255844115,0.02619568201265875
1782,0.6391016638278961,0.04073859214294847
1783,0.4927378582954407,0.3335764502263679
1784,0.4382666909694672,0.054486385395386645
1785,0.7645196104049683,0.04300630311305752
1786,0.4383140766620636,0.05194757460886613
1787,0.4292827868461609,0.031728243792174045
1788,0.4549614977836609,0.04803841487331242
1789,0.47415719032287595,0.03998955330150537
1790,0.3306321537494659,0.026986193100132217
1791,0.43386066794395445,0.04949457931427159
1792,0.5258539521694183,0.03708912263821531
1793,0.6635731101036072,0.03134614557204817
1794,0.40173328638076783,0.024207250297728793
1795,0.646130028963089,0.04293600409687774
1796,0.5011795246601105,0.03238298623273101
1797,0.5355683624744415,0.19096822054415802
1798,0.6329495739936829,0.031535815201356135
1799,0.4927378582954407,0.3335764502263679
1800,0.5252136659622192,0.03346829238927673
1801,0.629850035905838,0.14162567013304042
1802,0.5138563096523285,0.015363675650923236
1803,0.4581237149238586,0.11433621690735579
1804,0.4497568774223328,0.04252192716322513
1805,0.5719336485862732,0.0534893445768594
1806,0.5155405628681183,0.03922298355392334
1807,0.4168552017211914,0.024780399387511608
1808,0.5359955966472626,0.04756997084679079
1809,0.4998398673534393,0.04297003270494594
1810,0.5914042162895202,0.04335716941579571
1811,0.7304809594154358,0.032247058115430216
1812,0.5295380520820617,0.0531415943709456
1813,0.5784021639823913,0.03566847002082798
1814,0.5294195878505706,0.04925572608942508
1815,0.5602454972267151,0.04045478192685706
1816,0.39473942160606384,0.020205853039501495
1817,0.36026158213615417,0.05532527222623693
1818,0.49251885890960695,0.03044262121379247
1819,0.42004425764083864,0.023226656540986452
1820,0.4042984628677368,0.04432864473031161
1821,0.5125829792022705,0.04508968708694638
1822,0.567662740945816,0.14836531050709836
1823,0.5570709776878356,0.07270105015101992
1824,0.35992966771125795,0.05499619638997594
1825,0.584952027797699,0.04416540694201625
1826,0.42360921144485475,0.025665199618453326
1827,0.596351706981659,0.02564598383368312
1828,0.6139023721218109,0.0245050182145477
1829,0.6572590172290802,0.0520478767314366
1830,0.35195627212524416,0.03783881574039094
1831,0.6098442363739014,0.08521589363505847
1832,0.587355705499649,0.06355538302282189
1833,0.6236698031425476,0.04197454132004228
1834,0.44206085085868835,0.04773366996434266
1835,0.5625709211826324,0.0485401782025438
1836,0.5288678133487701,0.043651719494912956
1837,0.5857672667503357,0.09321897069003633
1838,0.5169511866569519,0.053795006724909514
1839,0.6087851238250732,0.033723001592133144
1840,0.2838415515422821,0.029190266233404052
1841,0.5542107915878296,0.046774945773046916
1842,0.22769733309745788,0.033209523318944174
1843,0.4604286777973175,0.029680487311415236
1844,0.5906124365329742,0.036391032940695324
1845,0.6263545560836792,0.028275775175272008
1846,0.6155172204971313,0.09526790221372787
1847,0.5351889657974244,0.08707825078452527
1848,0.6302133619785308,0.06214413690993863
1849,0.5073034262657166,0.027326375488714385
1850,0.5929983794689179,0.06658729448217787
1851,0.507054432630539,0.0661470510594152
1852,0.5866335475444794,0.038798011727250815
1853,0.5467107582092285,0.026560059588176692
1854,0.5114320695400238,0.10737119516936319
1855,0.5065044379234314,0.031450707439601294
1856,0.6101477634906769,0.049971246320721044
1857,0.33933125615119936,0.03005694550548501
1858,0.5537204957008361,0.09321967762017302
1859,0.6807962679862976,0.023724838469990687
1860,0.4423823654651642,0.02652309597369521
1861,0.6992754077911377,0.04825197566405838
1862,0.5310197818279266,0.029852326001504354
1863,0.5787801742553711,0.16328858579664776
1864,0.6352878391742707,0.050602724855969346
1865,0.6185641765594483,0.021707145706380573
1866,0.5713647639751435,0.025349362260958522
1867,0.5823213493824005,0.04435048532439924
1868,0.5881206202507019,0.17490153867232372
1869,0.5750653326511384,0.06730666154549698
1870,0.5280922508239746,0.050241065352917204
1871,0.5362363982200623,0.15932911768807856
1872,0.6236379313468933,0.05934500787324581
1873,0.5252739560604095,0.09798283013184321
1874,0.5001882898807526,0.058071737126139465
1875,0.5257898092269897,0.03441018950667339
1876,0.5315464735031128,0.025384590501165875
1877,0.48628282666206357,0.024263584624321703
1878,0.5974651312828064,0.08887798398158618
1879,0.48860437035560605,0.031238323296967886
1880,0.5097622036933899,0.0626149218068076
1881,0.7848203361034394,0.04233393058708005
1882,0.5087784826755524,0.030879425448152083
1883,0.2834128940105438,0.026354261424763253
1884,0.38935590624809263,0.021923892953800025
1885,0.7848787522315979,0.04735548854100618
1886,0.5592816317081452,0.041337824689675215
1887,0.7920039904117584,0.04033482289497995
1888,0.5864959931373597,0.15616131477317816
1889,0.5955579829216003,0.08391450828789954
1890,0.6816057622432709,0.03911808173516427
1891,0.5972468376159668,0.16068013606005851
1892,0.44414230942726135,0.02801487101352494
1893,0.6729285085201263,0.028310645308487693
1894,0.6267882633209229,0.035635035314386776
1895,0.5057098078727722,0.05495422540052834
1896,0.5168661069869995,0.14564488965689007
1897,0.4735993814468384,0.05202360738680614
1898,0.5285424840450287,0.18904339809530088
1899,0.6274977850914002,0.04597628435010595
1900,0.5305956041812897,0.04787538513569497
1901,0.5816912937164307,0.16473800259479782
1902,0.5530927622318268,0.035672140944427826
1903,0.4784590935707092,0.019718607227156466
1904,0.5616398322582244,0.033576886354906674
1905,0.5891992974281312,0.04682985364841591
1906,0.5626574671268463,0.09864753049119845
1907,0.5899051833152771,0.17843031429227915
1908,0.5285424840450287,0.18904339809530088
1909,0.5490376901626587,0.0381775489485554
1910,0.5534433579444885,0.11370113178297096
1911,0.5225195169448853,0.14766724089302175
1912,0.5215761756896973,0.14686592593899875
1913,0.5653734540939331,0.06203157350230618
1914,0.5661279320716858,0.05114963850185656
1915,0.5848546278476715,0.06577770068773067
1916,0.5515929102897644,0.042813503630423744
1917,0.6144178855419159,0.05302865984214731
1918,0.38921948909759524,0.040237219658745986
1919,0.4156991076469421,0.050625779539914116
1920,0.5641604113578796,0.023301907443794408
1921,0.5664022839069367,0.075118603425959
1922,0.5784147846698761,0.09891206333909866
1923,0.311234050989151,0.023680912028118287
1924,0.5296297407150269,0.189701262414787
1925,0.4588100016117096,0.03332495379198166
1926,0.5581416583061218,0.036385337895456435
1927,0.34796574592590335,0.03271277367746938
1928,0.5541361081600189,0.04269417314499835
1929,0.6990693628787994,0.03941289159973886
1930,0.5227860486507416,0.14720497638240249
1931,0.5640509605407715,0.06192139224698861
1932,0.6961540031433106,0.06224780755411618
1933,0.4111569607257843,0.01713962899101983
1934,0.5351418781280518,0.02051843339123728
1935,0.5173988831043244,0.056677699578089144
1936,0.6133768582344055,0.033460373815160926
1937,0.5026200377941131,0.05683802386485244
1938,0.513374125957489,0.03196708360352635
1939,0.5674298655986786,0.04542801691764402
1940,0.6253720486164093,0.033388808486092006
1941,0.6783167612552643,0.025374220726529888
1942,0.5939488732814788,0.17832747698200524
1943,0.5572795736789703,0.049634691817245065
1944,0.6163237535953522,0.09611617988489861
1945,0.5615594613552094,0.09437947094204066
1946,0.46771092891693117,0.05627261915498721
1947,0.5300264847278595,0.1899374727063252
1948,0.5666786444187164,0.040275394691197924
1949,0.5839893877506256,0.061638841661784224
1950,0.5532195627689361,0.03972917920770028
1951,0.5391680979728699,0.04848200624743568
1952,0.6634941649436951,0.02866476145026297
1953,0.5072732865810394,0.023704161448695665
1954,0.5917030334472656,0.04860015210033087
1955,0.6524129867553711,0.08216117681056842
1956,0.6445922684669495,0.07246162212463944
1957,0.4676994073390961,0.022687606837857973
1958,0.6800379824638366,0.02606765133663044
1959,0.5977905130386353,0.04809050792862961
1960,0.5676918995380401,0.0234421773726356
1961,0.5442429149150848,0.030486785447187397
1962,0.6087009060382843,0.034308085844270954
1963,0.42270333409309385,0.07365210005221276
1964,0.6024917888641358,0.05983882816789039
1965,0.47935913801193236,0.03502063039976715
1966,0.5062257623672486,0.019765742090479523
1967,0.5889526963233948,0.018984122048147655
1968,0.5837851941585541,0.06160932185755199
1969,0.559258587360382,0.06007301823197381
1970,0.5984017837047577,0.034029033899459604
1971,0.5245548748970031,0.03743224501597584
1972,0.6633934485912323,0.033165251003674893
1973,0.3520816373825073,0.029536096058452286
1974,0.36348750472068786,0.034809212810123884
1975,0.43103246092796327,0.03029779296093552
1976,0.3819937229156494,0.022322256772082733
1977,0.2873509919643402,0.034623258720332555
1978,0.4498280775547028,0.03554448368910004
1979,0.5109667360782624,0.04290469210895004
1980,0.4061229407787323,0.02556828874765376
1981,0.5605061709880829,0.05367682821164264
1982,0.5488460636138917,0.01858045900588825
1983,0.5253365921974182,0.273865939382581
1984,0.27195177555084227,0.03311481923560307
1985,0.5691850376129151,0.05797548386615861
1986,0.7189721751213074,0.031986366869572284
1987,0.5664989483356476,0.03855225108092642
1988,0.5485847616195678,0.03696668362705686
1989,0.3477523469924927,0.03686408485883735
1990,0.5415582251548767,0.02607656591989504
1991,0.662327184677124,0.0498739529336203
1992,0.5422767865657806,0.033869412466509013
1993,0.5649912524223327,0.03141572375394483
1994,0.5300879466533661,0.08099610257719238
1995,0.6209423196315765,0.04748510820329897
1996,0.5528885185718536,0.08486867718450605
1997,0.5973344612121582,0.05844606070000841
1998,0.5214054715633393,0.04512690936565366
1999,0.39298629999160767,0.03217397846938957
2000,0.24838667154312133,0.037030870704588624
2001,0.5834479582309723,0.060464178070337896
2002,0.6294933927059173,0.06294629427657684
2003,0.47960512280464174,0.036236060234432495
2004,0.18021796107292176,0.26593585857990176
2005,0.18021796107292176,0.26593585857990176
2006,0.19402546644210816,0.24332534146061008
2007,0.18021796107292176,0.26593585857990176
2008,0.1857283306121826,0.256882669131335
2009,0.1926477336883545,0.25276789995052173
2010,0.6572361719608307,0.04027051456063304
2011,0.6038771450519562,0.053999754611774683
2012,0.5023588109016418,0.030794031253827063
2013,0.40854413747787477,0.034254346397235354
2014,0.5661626935005188,0.05184508099521454
2015,0.34307632088661194,0.03988091089671778
2016,0.5698640668392181,0.021926610857610163
2017,0.5595402872562408,0.2567432688092149
2018,0.512945259809494,0.05149152364266579
2019,0.5617928385734559,0.03734325546004183
2020,0.3806935453414917,0.0255453673705301
2021,0.46885979294776914,0.02903060469821178
2022,0.47596517086029055,0.03142873856567206
2023,0.4192082393169403,0.08095808401913132
2024,0.32515324592590333,0.027954025059758338
2025,0.6539712607860565,0.04876936427695463
2026,0.4137475097179413,0.019439517336763433
2027,0.610665134191513,0.04799214273186745
2028,0.5903854966163635,0.02072971003001952
2029,0.47951218008995056,0.041179855486861816
2030,0.3993964922428131,0.02075161418689177
2031,0.3839434790611267,0.033347064256375854
2032,0.6483465421199799,0.059944551530521105
2033,0.5526518905162812,0.040311524285811945
2034,0.5898915648460388,0.04483280449065969
2035,0.5050078737735748,0.026987092062795308
2036,0.6403401148319244,0.03669217553775707
2037,0.5494860816001892,0.04443764441858268
2038,0.5936023604869842,0.02754457764648315
2039,0.719455224275589,0.022512683341690647
2040,0.5554951298236847,0.026302924074660294
2041,0.5911326396465302,0.053592832258158266
2042,0.5517387199401855,0.05113708744736944
2043,0.6283256363868713,0.03903166665141426
2044,0.6047826731204986,0.06093198064669421
2045,0.5080214667320252,0.027747092505975852
2046,0.6608067560195923,0.05479544693929107
2047,0.4321025490760803,0.055232483534251545
2048,0.7406914615631104,0.024458964172583045
2049,0.3849070692062378,0.019533271085796045
2050,0.6736726391315461,0.07502835548225585
2051,0.5773749709129333,0.03858536438522425
2052,0.18024088740348815,0.26584515147418886
2053,0.18024088740348815,0.26584515147418886
2054,0.18024088740348815,0.26584515147418886
2055,0.184552903175354,0.2669522572715416
2056,0.18024088740348815,0.26584515147418886
2057,0.18024088740348815,0.26584515147418886
2058,0.6213292455673218,0.06624020125316527
2059,0.523068689107895,0.016033220516529004
2060,0.6283622145652771,0.028885194373812068
2061,0.5991103494167328,0.06447556164986845
2062,0.19157178521156312,0.2509016200106927
2063,0.18510639071464538,0.25568378976806594
2064,0.17965893268585206,0.26434035420562696
2065,0.17965893268585206,0.26434035420562696
2066,0.17965893268585206,0.26434035420562696
2067,0.17965893268585206,0.26434035420562696
2068,0.5663449561595917,0.04412182854489269
2069,0.5603713798522949,0.04893855545062417
2070,0.6252076423168182,0.03438565682469648
2071,0.46316880464553833,0.03583221758059504
2072,0.605861941576004,0.11316245535595297
2073,0.5644732987880707,0.0385763703082381
2074,0.36366125822067263,0.022994921870565274
2075,0.6323756992816925,0.06570544907280229
2076,0.5468071949481964,0.04318941557837309
2077,0.6156341671943665,0.04154708124988392
2078,0.5605536162853241,0.061246697335873734
2079,0.631844779253006,0.07562831257361066
2080,0.5284901022911072,0.050064490455155354
2081,0.5358122456073761,0.07458703098398234
2082,0.4963259446620941,0.03589805791212844
2083,0.5754872214794159,0.05385958229676676
2084,0.5802322649955749,0.05391113951272928
2085,0.5876029908657074,0.06995165276026624
2086,0.5069785058498383,0.046311063902205525
2087,0.5143421900272369,0.0628100594658275
2088,0.5427365529537201,0.046271697188591934
2089,0.5367802619934082,0.03133957441948756
2090,0.549480506181717,0.02628329135099042
2091,0.6356088411808014,0.04037947821406804
2092,0.5710566365718841,0.037004857233742174
2093,0.7165755379199982,0.033335378140148454
2094,0.22172301650047302,0.039655945115094106
2095,0.3723624312877655,0.03035461962161444
2096,0.4431683778762817,0.06965006892158386
2097,0.6185039234161377,0.025959845111211955
2098,0.516725013256073,0.04650652392019631
2099,0.6231159245967866,0.05165199634596119
2100,0.5110976052284241,0.07377994659513866
2101,0.4927378582954407,0.3335764502263679
2102,0.5995982122421265,0.10845067931428659
2103,0.5320308303833008,0.03288873823588731
2104,0.4852767968177795,0.02409360594648693
2105,0.3804540824890137,0.026489093652152976
2106,0.18499103784561158,0.256622481142847
2107,0.18499103784561158,0.256622481142847
2108,0.18499103784561158,0.256622481142847
2109,0.18133033394813539,0.2655159771281996
2110,0.18133033394813539,0.2655159771281996
2111,0.18133033394813539,0.2655159771281996
2112,0.5345978486537933,0.023232029394419818
2113,0.7901828908920288,0.03192378670535242
2114,0.3525442314147949,0.023723262313184744
2115,0.3651567161083221,0.02793407754281467
2116,0.3228894531726837,0.032126100494684395
2117,0.5737717986106873,0.02660603224722038
2118,0.5874827289581299,0.034474669901419445
2119,0.6337958240509033,0.05230948397063573
2120,0.6089178037643432,0.11537991392275597
2121,0.5367879664897919,0.062006764768631775
2122,0.4900152313709259,0.037278507813283415
2123,0.612299964427948,0.03982230014261278
2124,0.5083208894729614,0.06785528935717917
2125,0.6672885429859161,0.01987369814455835
2126,0.511044694185257,0.027073739918080385
2127,0.6191015207767486,0.027638535491998063
2128,0.601605818271637,0.049486020587341875
2129,0.7945313429832459,0.03460547100013908
2130,0.5159065985679626,0.07177232460171196
2131,0.37464866161346433,0.019752193299144696
2132,0.2403873908519745,0.06813024710816384
2133,0.3869463574886322,0.024952514200115215
2134,0.5540256881713868,0.03809286429843556
2135,0.6434687519073486,0.04039895191660758
2136,0.5227473318576813,0.03177556563134101
2137,0.6728781962394714,0.03062211325034009
2138,0.6628787291049957,0.025188328523446393
2139,0.5321265125274658,0.02667439067407246
2140,0.6654046630859375,0.027670471961269906
2141,0.7117514753341675,0.019183561706634263
2142,0.5593300879001617,0.04549277196130577
2143,0.41829407572746274,0.0270641744697823
2144,0.4620032525062561,0.02391529355863734
2145,0.6207728731632233,0.056016833390696436
2146,0.642751659154892,0.04487338258132373
2147,0.561387757062912,0.05511676482276237
2148,0.5208376049995422,0.028861900903553006
2149,0.47052313804626467,0.023636608984538364
2150,0.6468407428264618,0.03999872935805055
2151,0.5547497391700744,0.025180001895283126
2152,0.6446073639392853,0.041693592937442
2153,0.5676768124103546,0.05457732845339434
2154,0.5887815058231354,0.0638926262742051
2155,0.18199244737625123,0.26658540254656365
2156,0.18199244737625123,0.26658540254656365
2157,0.18643997192382813,0.25774581357802484
2158,0.18199244737625123,0.26658540254656365
2159,0.19429264664649964,0.2535351266083024
2160,0.18199244737625123,0.26658540254656365
2161,0.5474910974502564,0.038363398260205565
2162,0.5491160547733307,0.0513623153948617
2163,0.6214882922172547,0.042505025599516216
2164,0.5089023315906525,0.02395430965048539
2165,0.6527988982200622,0.059632197855635546
2166,0.7577709829807282,0.0302481236996482
2167,0.614234848022461,0.0256888016518682
2168,0.34689167618751526,0.038599470088004316
2169,0.6216496992111206,0.035166029505026536
2170,0.5488498449325562,0.03829290279561305
2171,0.566046291589737,0.026584497248012148
2172,0.5610212779045105,0.04570296223837712
2173,0.1817334461212158,0.26709242830059915
2174,0.1817334461212158,0.26709242830059915
2175,0.19326943635940552,0.254147168618062
2176,0.1817334461212158,0.26709242830059915
2177,0.1817334461212158,0.26709242830059915
2178,0.1817334461212158,0.26709242830059915
2179,0.5058196985721588,0.04094125613061289
2180,0.4861695683002472,0.024267526442837434
2181,0.5471158075332642,0.05601703692215831
2182,0.4241606521606445,0.03117465445821878
2183,0.5460692155361175,0.03563806934248295
2184,0.556241569519043,0.04553760300339973
2185,0.5299837708473205,0.057946358304607135
2186,0.6157778024673461,0.04799700356192418
2187,0.7075491905212402,0.07040836287424315
2188,0.5893747854232788,0.026744774027219365
2189,0.5989489579200744,0.033198860781933286
2190,0.5953298318386078,0.027392714454268278
2191,0.7889445722103119,0.05315300107931412
2192,0.5474710524082184,0.03608060684664157
2193,0.6094444131851197,0.1709945482629993
2194,0.5523784780502319,0.03377797656966123
2195,0.4268777918815613,0.023700960976317676
2196,0.5360365557670593,0.05603033568810897
2197,0.4677465558052063,0.07302294163793784
2198,0.5483218431472778,0.03960146379855091
2199,0.6125252068042755,0.02393767435009131
2200,0.6201052868366241,0.031369719974918525
2201,0.5718119132518769,0.043421954709797796
2202,0.5201506984233856,0.045506106482395274
2203,0.5951907730102539,0.025914841804165062
2204,0.5456854045391083,0.07552223760708936
2205,0.6343237137794495,0.02781805065252148
2206,0.5007475686073303,0.027756467448078807
2207,0.5348187899589538,0.03942452881390433
2208,0.5965285682678223,0.028478185931517477
2209,0.28929507970809937,0.025481449914847857
2210,0.3978192675113678,0.028837705889892654
2211,0.5346943545341492,0.02658312237588778
2212,0.41112600326538085,0.020438299412024342
2213,0.5621665978431701,0.04866390861195776
2214,0.472121502161026,0.028035266091588965
2215,0.5628632235527039,0.02668248958544626
2216,0.5643335473537445,0.022697855786266718
2217,0.5262598419189453,0.04553616660844841
2218,0.5080789828300476,0.02916500209930578
2219,0.5964655828475952,0.03762025495069709
2220,0.3873854434490204,0.019508852201379785
2221,0.4450086140632629,0.03165131879970466
2222,0.36823901057243347,0.02547177982487607
2223,0.5162275338172913,0.08068385558685919
2224,0.5387543594837189,0.021159578776458597
2225,0.4445751047134399,0.0238571105573812
2226,0.606852422952652,0.023505497457564705
2227,0.4315788972377777,0.0406925906166438
2228,0.3868267560005188,0.023266586727378087
